sample_id,subject_id,tissue,protocol,load_angle_deg,lam1,lam2,sig11_kPa,sig22_kPa,age,sex,smoker
S00_linea_alba_0,S00,linea_alba,uniaxial,0.0,1.0092307692307692,,-2.136549520197833,,36.93534704958776,F,0
S00_linea_alba_0,S00,linea_alba,uniaxial,0.0,1.0184615384615385,,1.2476481901046554,,36.93534704958776,F,0
S00_linea_alba_0,S00,linea_alba,uniaxial,0.0,1.0276923076923077,,1.2162942404274397,,36.93534704958776,F,0
S00_linea_alba_0,S00,linea_alba,uniaxial,0.0,1.036923076923077,,2.726131116943126,,36.93534704958776,F,0
S00_linea_alba_0,S00,linea_alba,uniaxial,0.0,1.0461538461538462,,1.415389028570922,,36.93534704958776,F,0
S00_linea_alba_0,S00,linea_alba,uniaxial,0.0,1.0553846153846154,,0.5424359234455576,,36.93534704958776,F,0
S00_linea_alba_0,S00,linea_alba,uniaxial,0.0,1.0646153846153847,,0.9475624744489148,,36.93534704958776,F,0
S00_linea_alba_0,S00,linea_alba,uniaxial,0.0,1.073846153846154,,3.4731201528166413,,36.93534704958776,F,0
S00_linea_alba_0,S00,linea_alba,uniaxial,0.0,1.083076923076923,,2.9752334569305394,,36.93534704958776,F,0
S00_linea_alba_0,S00,linea_alba,uniaxial,0.0,1.0923076923076924,,4.569744045608948,,36.93534704958776,F,0
S00_linea_alba_0,S00,linea_alba,uniaxial,0.0,1.1015384615384616,,4.746757865605807,,36.93534704958776,F,0
S00_linea_alba_0,S00,linea_alba,uniaxial,0.0,1.110769230769231,,6.925203802239052,,36.93534704958776,F,0
S00_linea_alba_0,S00,linea_alba,uniaxial,0.0,1.12,,4.564309307764874,,36.93534704958776,F,0
S00_linea_alba_90,S00,linea_alba,uniaxial,90.0,1.0092307692307692,,5.205536314708771,,36.93534704958776,F,0
S00_linea_alba_90,S00,linea_alba,uniaxial,90.0,1.0184615384615385,,10.03165214789838,,36.93534704958776,F,0
S00_linea_alba_90,S00,linea_alba,uniaxial,90.0,1.0276923076923077,,18.400669869020273,,36.93534704958776,F,0
S00_linea_alba_90,S00,linea_alba,uniaxial,90.0,1.036923076923077,,24.087860815633753,,36.93534704958776,F,0
S00_linea_alba_90,S00,linea_alba,uniaxial,90.0,1.0461538461538462,,31.731412791743388,,36.93534704958776,F,0
S00_linea_alba_90,S00,linea_alba,uniaxial,90.0,1.0553846153846154,,38.406358011586946,,36.93534704958776,F,0
S00_linea_alba_90,S00,linea_alba,uniaxial,90.0,1.0646153846153847,,46.78114415831192,,36.93534704958776,F,0
S00_linea_alba_90,S00,linea_alba,uniaxial,90.0,1.073846153846154,,59.16760641548544,,36.93534704958776,F,0
S00_linea_alba_90,S00,linea_alba,uniaxial,90.0,1.083076923076923,,69.43899264663776,,36.93534704958776,F,0
S00_linea_alba_90,S00,linea_alba,uniaxial,90.0,1.0923076923076924,,88.41967462182281,,36.93534704958776,F,0
S00_linea_alba_90,S00,linea_alba,uniaxial,90.0,1.1015384615384616,,82.13859419379823,,36.93534704958776,F,0
S00_linea_alba_90,S00,linea_alba,uniaxial,90.0,1.110769230769231,,102.30927064083525,,36.93534704958776,F,0
S00_linea_alba_90,S00,linea_alba,uniaxial,90.0,1.12,,113.28715527057203,,36.93534704958776,F,0
S00_rectus_sheath_0,S00,rectus_sheath,uniaxial,0.0,1.0115384615384615,,0.4343879091972518,,36.93534704958776,F,0
S00_rectus_sheath_0,S00,rectus_sheath,uniaxial,0.0,1.023076923076923,,2.2614980263652313,,36.93534704958776,F,0
S00_rectus_sheath_0,S00,rectus_sheath,uniaxial,0.0,1.0346153846153845,,3.155097907576763,,36.93534704958776,F,0
S00_rectus_sheath_0,S00,rectus_sheath,uniaxial,0.0,1.0461538461538462,,4.130161959613351,,36.93534704958776,F,0
S00_rectus_sheath_0,S00,rectus_sheath,uniaxial,0.0,1.0576923076923077,,6.540558951059795,,36.93534704958776,F,0
S00_rectus_sheath_0,S00,rectus_sheath,uniaxial,0.0,1.0692307692307692,,7.734264524334444,,36.93534704958776,F,0
S00_rectus_sheath_0,S00,rectus_sheath,uniaxial,0.0,1.0807692307692307,,7.251164549667847,,36.93534704958776,F,0
S00_rectus_sheath_0,S00,rectus_sheath,uniaxial,0.0,1.0923076923076922,,8.258792548533094,,36.93534704958776,F,0
S00_rectus_sheath_0,S00,rectus_sheath,uniaxial,0.0,1.1038461538461537,,10.936325198320247,,36.93534704958776,F,0
S00_rectus_sheath_0,S00,rectus_sheath,uniaxial,0.0,1.1153846153846154,,9.470771502264755,,36.93534704958776,F,0
S00_rectus_sheath_0,S00,rectus_sheath,uniaxial,0.0,1.126923076923077,,10.618919943147844,,36.93534704958776,F,0
S00_rectus_sheath_0,S00,rectus_sheath,uniaxial,0.0,1.1384615384615384,,14.822288791944121,,36.93534704958776,F,0
S00_rectus_sheath_0,S00,rectus_sheath,uniaxial,0.0,1.15,,19.94775634621633,,36.93534704958776,F,0
S00_rectus_sheath_90,S00,rectus_sheath,uniaxial,90.0,1.0115384615384615,,3.0514479761440905,,36.93534704958776,F,0
S00_rectus_sheath_90,S00,rectus_sheath,uniaxial,90.0,1.023076923076923,,3.6170533660068536,,36.93534704958776,F,0
S00_rectus_sheath_90,S00,rectus_sheath,uniaxial,90.0,1.0346153846153845,,8.311981588080236,,36.93534704958776,F,0
S00_rectus_sheath_90,S00,rectus_sheath,uniaxial,90.0,1.0461538461538462,,9.832358359039489,,36.93534704958776,F,0
S00_rectus_sheath_90,S00,rectus_sheath,uniaxial,90.0,1.0576923076923077,,12.973383072590511,,36.93534704958776,F,0
S00_rectus_sheath_90,S00,rectus_sheath,uniaxial,90.0,1.0692307692307692,,16.46075019412234,,36.93534704958776,F,0
S00_rectus_sheath_90,S00,rectus_sheath,uniaxial,90.0,1.0807692307692307,,19.777124128447394,,36.93534704958776,F,0
S00_rectus_sheath_90,S00,rectus_sheath,uniaxial,90.0,1.0923076923076922,,24.786926755801524,,36.93534704958776,F,0
S00_rectus_sheath_90,S00,rectus_sheath,uniaxial,90.0,1.1038461538461537,,19.40508778475684,,36.93534704958776,F,0
S00_rectus_sheath_90,S00,rectus_sheath,uniaxial,90.0,1.1153846153846154,,29.86392967229719,,36.93534704958776,F,0
S00_rectus_sheath_90,S00,rectus_sheath,uniaxial,90.0,1.126923076923077,,39.66126053704391,,36.93534704958776,F,0
S00_rectus_sheath_90,S00,rectus_sheath,uniaxial,90.0,1.1384615384615384,,48.926359374828635,,36.93534704958776,F,0
S00_rectus_sheath_90,S00,rectus_sheath,uniaxial,90.0,1.15,,49.44536561674266,,36.93534704958776,F,0
S01_abdominal_aorta_0_r1.0_1.0,S01,abdominal_aorta,biaxial,0.0,1.0163636363636364,1.0163636363636364,11.380725698128732,7.700199807126349,67.29052177156252,F,1
S01_abdominal_aorta_0_r1.0_1.0,S01,abdominal_aorta,biaxial,0.0,1.0327272727272727,1.0327272727272727,13.633264697089755,10.791504503695451,67.29052177156252,F,1
S01_abdominal_aorta_0_r1.0_1.0,S01,abdominal_aorta,biaxial,0.0,1.049090909090909,1.049090909090909,22.832144003250445,17.956257381854645,67.29052177156252,F,1
S01_abdominal_aorta_0_r1.0_1.0,S01,abdominal_aorta,biaxial,0.0,1.0654545454545454,1.0654545454545454,25.653850849502724,28.656293025385494,67.29052177156252,F,1
S01_abdominal_aorta_0_r1.0_1.0,S01,abdominal_aorta,biaxial,0.0,1.0818181818181818,1.0818181818181818,49.39484857847475,40.8625568940357,67.29052177156252,F,1
S01_abdominal_aorta_0_r1.0_1.0,S01,abdominal_aorta,biaxial,0.0,1.0981818181818181,1.0981818181818181,57.19705103074727,43.66416946060206,67.29052177156252,F,1
S01_abdominal_aorta_0_r1.0_1.0,S01,abdominal_aorta,biaxial,0.0,1.1145454545454545,1.1145454545454545,75.48636542975106,66.76147193736745,67.29052177156252,F,1
S01_abdominal_aorta_0_r1.0_1.0,S01,abdominal_aorta,biaxial,0.0,1.1309090909090909,1.1309090909090909,61.03023050258209,84.44077907356542,67.29052177156252,F,1
S01_abdominal_aorta_0_r1.0_1.0,S01,abdominal_aorta,biaxial,0.0,1.1472727272727272,1.1472727272727272,139.77144846198894,152.2627766206524,67.29052177156252,F,1
S01_abdominal_aorta_0_r1.0_1.0,S01,abdominal_aorta,biaxial,0.0,1.1636363636363636,1.1636363636363636,191.83442950215627,166.4002418654019,67.29052177156252,F,1
S01_abdominal_aorta_0_r1.0_1.0,S01,abdominal_aorta,biaxial,0.0,1.18,1.18,297.3627077363557,228.21575280194247,67.29052177156252,F,1
S01_abdominal_aorta_0_r1.0_0.75,S01,abdominal_aorta,biaxial,0.0,1.0163636363636364,1.0122727272727272,8.004333053604274,5.114918766785351,67.29052177156252,F,1
S01_abdominal_aorta_0_r1.0_0.75,S01,abdominal_aorta,biaxial,0.0,1.0327272727272727,1.0245454545454544,14.983526921445122,9.782650833587994,67.29052177156252,F,1
S01_abdominal_aorta_0_r1.0_0.75,S01,abdominal_aorta,biaxial,0.0,1.049090909090909,1.0368181818181819,8.336883377612493,18.596784292655972,67.29052177156252,F,1
S01_abdominal_aorta_0_r1.0_0.75,S01,abdominal_aorta,biaxial,0.0,1.0654545454545454,1.049090909090909,30.65001885751203,21.45221748283965,67.29052177156252,F,1
S01_abdominal_aorta_0_r1.0_0.75,S01,abdominal_aorta,biaxial,0.0,1.0818181818181818,1.0613636363636363,37.300548169664566,29.45008687785674,67.29052177156252,F,1
S01_abdominal_aorta_0_r1.0_0.75,S01,abdominal_aorta,biaxial,0.0,1.0981818181818181,1.0736363636363637,48.94970459497936,31.80728682026313,67.29052177156252,F,1
S01_abdominal_aorta_0_r1.0_0.75,S01,abdominal_aorta,biaxial,0.0,1.1145454545454545,1.085909090909091,66.53438192713641,44.3703744215663,67.29052177156252,F,1
S01_abdominal_aorta_0_r1.0_0.75,S01,abdominal_aorta,biaxial,0.0,1.1309090909090909,1.0981818181818181,89.63137295674798,58.83968659800927,67.29052177156252,F,1
S01_abdominal_aorta_0_r1.0_0.75,S01,abdominal_aorta,biaxial,0.0,1.1472727272727272,1.1104545454545454,130.7841228741214,67.76126038543583,67.29052177156252,F,1
S01_abdominal_aorta_0_r1.0_0.75,S01,abdominal_aorta,biaxial,0.0,1.1636363636363636,1.1227272727272728,179.58196148390877,102.56857140507906,67.29052177156252,F,1
S01_abdominal_aorta_0_r1.0_0.75,S01,abdominal_aorta,biaxial,0.0,1.18,1.135,242.20193363786262,117.1910693813574,67.29052177156252,F,1
S01_abdominal_aorta_0_r0.75_1.0,S01,abdominal_aorta,biaxial,0.0,1.0122727272727272,1.0163636363636364,3.695200761431305,5.571298338183547,67.29052177156252,F,1
S01_abdominal_aorta_0_r0.75_1.0,S01,abdominal_aorta,biaxial,0.0,1.0245454545454544,1.0327272727272727,10.235880257263213,11.07001922187878,67.29052177156252,F,1
S01_abdominal_aorta_0_r0.75_1.0,S01,abdominal_aorta,biaxial,0.0,1.0368181818181819,1.049090909090909,11.700983652381225,19.897176347698327,67.29052177156252,F,1
S01_abdominal_aorta_0_r0.75_1.0,S01,abdominal_aorta,biaxial,0.0,1.049090909090909,1.0654545454545454,23.291460244587086,25.082806667093973,67.29052177156252,F,1
S01_abdominal_aorta_0_r0.75_1.0,S01,abdominal_aorta,biaxial,0.0,1.0613636363636363,1.0818181818181818,32.261967970554785,30.555914747067675,67.29052177156252,F,1
S01_abdominal_aorta_0_r0.75_1.0,S01,abdominal_aorta,biaxial,0.0,1.0736363636363637,1.0981818181818181,40.32352299144768,37.95241445043885,67.29052177156252,F,1
S01_abdominal_aorta_0_r0.75_1.0,S01,abdominal_aorta,biaxial,0.0,1.085909090909091,1.1145454545454545,44.613028493311035,47.74140538860393,67.29052177156252,F,1
S01_abdominal_aorta_0_r0.75_1.0,S01,abdominal_aorta,biaxial,0.0,1.0981818181818181,1.1309090909090909,68.96640144748129,66.97875409636569,67.29052177156252,F,1
S01_abdominal_aorta_0_r0.75_1.0,S01,abdominal_aorta,biaxial,0.0,1.1104545454545454,1.1472727272727272,92.25985278489809,100.33458501772354,67.29052177156252,F,1
S01_abdominal_aorta_0_r0.75_1.0,S01,abdominal_aorta,biaxial,0.0,1.1227272727272728,1.1636363636363636,106.69185546522762,123.23260418249427,67.29052177156252,F,1
S01_abdominal_aorta_0_r0.75_1.0,S01,abdominal_aorta,biaxial,0.0,1.135,1.18,153.92371381831464,184.31196609043647,67.29052177156252,F,1
S01_linea_alba_0,S01,linea_alba,uniaxial,0.0,1.0092307692307692,,0.3023297911123766,,67.29052177156252,F,1
S01_linea_alba_0,S01,linea_alba,uniaxial,0.0,1.0184615384615385,,3.138706790978611,,67.29052177156252,F,1
S01_linea_alba_0,S01,linea_alba,uniaxial,0.0,1.0276923076923077,,0.6466633152373267,,67.29052177156252,F,1
S01_linea_alba_0,S01,linea_alba,uniaxial,0.0,1.036923076923077,,3.9470213333882107,,67.29052177156252,F,1
S01_linea_alba_0,S01,linea_alba,uniaxial,0.0,1.0461538461538462,,0.16978275528563813,,67.29052177156252,F,1
S01_linea_alba_0,S01,linea_alba,uniaxial,0.0,1.0553846153846154,,4.194674048717017,,67.29052177156252,F,1
S01_linea_alba_0,S01,linea_alba,uniaxial,0.0,1.0646153846153847,,4.729529428804211,,67.29052177156252,F,1
S01_linea_alba_0,S01,linea_alba,uniaxial,0.0,1.073846153846154,,7.921841615514484,,67.29052177156252,F,1
S01_linea_alba_0,S01,linea_alba,uniaxial,0.0,1.083076923076923,,8.80962805576869,,67.29052177156252,F,1
S01_linea_alba_0,S01,linea_alba,uniaxial,0.0,1.0923076923076924,,11.099664375168011,,67.29052177156252,F,1
S01_linea_alba_0,S01,linea_alba,uniaxial,0.0,1.1015384615384616,,10.347646164540194,,67.29052177156252,F,1
S01_linea_alba_0,S01,linea_alba,uniaxial,0.0,1.110769230769231,,12.158587075090807,,67.29052177156252,F,1
S01_linea_alba_0,S01,linea_alba,uniaxial,0.0,1.12,,10.88393224823228,,67.29052177156252,F,1
S01_linea_alba_90,S01,linea_alba,uniaxial,90.0,1.0092307692307692,,13.67324224783922,,67.29052177156252,F,1
S01_linea_alba_90,S01,linea_alba,uniaxial,90.0,1.0184615384615385,,28.13966667070631,,67.29052177156252,F,1
S01_linea_alba_90,S01,linea_alba,uniaxial,90.0,1.0276923076923077,,42.19339571433382,,67.29052177156252,F,1
S01_linea_alba_90,S01,linea_alba,uniaxial,90.0,1.036923076923077,,52.90145058701585,,67.29052177156252,F,1
S01_linea_alba_90,S01,linea_alba,uniaxial,90.0,1.0461538461538462,,69.21936952272367,,67.29052177156252,F,1
S01_linea_alba_90,S01,linea_alba,uniaxial,90.0,1.0553846153846154,,89.28700365801058,,67.29052177156252,F,1
S01_linea_alba_90,S01,linea_alba,uniaxial,90.0,1.0646153846153847,,102.79050542994939,,67.29052177156252,F,1
S01_linea_alba_90,S01,linea_alba,uniaxial,90.0,1.073846153846154,,127.59384632111968,,67.29052177156252,F,1
S01_linea_alba_90,S01,linea_alba,uniaxial,90.0,1.083076923076923,,155.91505246868468,,67.29052177156252,F,1
S01_linea_alba_90,S01,linea_alba,uniaxial,90.0,1.0923076923076924,,150.8205834106833,,67.29052177156252,F,1
S01_linea_alba_90,S01,linea_alba,uniaxial,90.0,1.1015384615384616,,186.7767799862051,,67.29052177156252,F,1
S01_linea_alba_90,S01,linea_alba,uniaxial,90.0,1.110769230769231,,234.5226290647268,,67.29052177156252,F,1
S01_linea_alba_90,S01,linea_alba,uniaxial,90.0,1.12,,282.74141013555425,,67.29052177156252,F,1
S02_abdominal_aorta_0_r1.0_1.0,S02,abdominal_aorta,biaxial,0.0,1.0163636363636364,1.0163636363636364,4.768023285772782,5.866387328964723,65.08947646652574,F,1
S02_abdominal_aorta_0_r1.0_1.0,S02,abdominal_aorta,biaxial,0.0,1.0327272727272727,1.0327272727272727,13.410544956068847,10.506935474279553,65.08947646652574,F,1
S02_abdominal_aorta_0_r1.0_1.0,S02,abdominal_aorta,biaxial,0.0,1.049090909090909,1.049090909090909,22.171634753997143,15.400667808711404,65.08947646652574,F,1
S02_abdominal_aorta_0_r1.0_1.0,S02,abdominal_aorta,biaxial,0.0,1.0654545454545454,1.0654545454545454,31.622124397212467,28.941195934049126,65.08947646652574,F,1
S02_abdominal_aorta_0_r1.0_1.0,S02,abdominal_aorta,biaxial,0.0,1.0818181818181818,1.0818181818181818,43.55467219218974,33.23086852016269,65.08947646652574,F,1
S02_abdominal_aorta_0_r1.0_1.0,S02,abdominal_aorta,biaxial,0.0,1.0981818181818181,1.0981818181818181,63.654773423226736,32.46830239705571,65.08947646652574,F,1
S02_abdominal_aorta_0_r1.0_1.0,S02,abdominal_aorta,biaxial,0.0,1.1145454545454545,1.1145454545454545,84.04870117572351,64.77997959103122,65.08947646652574,F,1
S02_abdominal_aorta_0_r1.0_1.0,S02,abdominal_aorta,biaxial,0.0,1.1309090909090909,1.1309090909090909,127.3976292763263,72.4367467975448,65.08947646652574,F,1
S02_abdominal_aorta_0_r1.0_1.0,S02,abdominal_aorta,biaxial,0.0,1.1472727272727272,1.1472727272727272,198.24491007293545,162.49185829475138,65.08947646652574,F,1
S02_abdominal_aorta_0_r1.0_1.0,S02,abdominal_aorta,biaxial,0.0,1.1636363636363636,1.1636363636363636,288.4588140991417,267.7821709781147,65.08947646652574,F,1
S02_abdominal_aorta_0_r1.0_1.0,S02,abdominal_aorta,biaxial,0.0,1.18,1.18,485.95319091071667,424.71191414290155,65.08947646652574,F,1
S02_abdominal_aorta_0_r1.0_0.75,S02,abdominal_aorta,biaxial,0.0,1.0163636363636364,1.0122727272727272,7.917423548656215,3.2654200387475276,65.08947646652574,F,1
S02_abdominal_aorta_0_r1.0_0.75,S02,abdominal_aorta,biaxial,0.0,1.0327272727272727,1.0245454545454544,12.85638802766204,9.62246193931474,65.08947646652574,F,1
S02_abdominal_aorta_0_r1.0_0.75,S02,abdominal_aorta,biaxial,0.0,1.049090909090909,1.0368181818181819,20.422603876160892,13.383125311065601,65.08947646652574,F,1
S02_abdominal_aorta_0_r1.0_0.75,S02,abdominal_aorta,biaxial,0.0,1.0654545454545454,1.049090909090909,15.382130830188924,20.213369801180587,65.08947646652574,F,1
S02_abdominal_aorta_0_r1.0_0.75,S02,abdominal_aorta,biaxial,0.0,1.0818181818181818,1.0613636363636363,39.90658123923004,25.832051534094735,65.08947646652574,F,1
S02_abdominal_aorta_0_r1.0_0.75,S02,abdominal_aorta,biaxial,0.0,1.0981818181818181,1.0736363636363637,53.698135127000384,38.365018827842064,65.08947646652574,F,1
S02_abdominal_aorta_0_r1.0_0.75,S02,abdominal_aorta,biaxial,0.0,1.1145454545454545,1.085909090909091,78.37656999128737,47.467979887411204,65.08947646652574,F,1
S02_abdominal_aorta_0_r1.0_0.75,S02,abdominal_aorta,biaxial,0.0,1.1309090909090909,1.0981818181818181,105.18812408015529,65.19529272035972,65.08947646652574,F,1
S02_abdominal_aorta_0_r1.0_0.75,S02,abdominal_aorta,biaxial,0.0,1.1472727272727272,1.1104545454545454,169.91524465443436,91.24797634702266,65.08947646652574,F,1
S02_abdominal_aorta_0_r1.0_0.75,S02,abdominal_aorta,biaxial,0.0,1.1636363636363636,1.1227272727272728,227.89305961159556,117.21365537606972,65.08947646652574,F,1
S02_abdominal_aorta_0_r1.0_0.75,S02,abdominal_aorta,biaxial,0.0,1.18,1.135,289.1208611917875,185.4480037716156,65.08947646652574,F,1
S02_abdominal_aorta_0_r0.75_1.0,S02,abdominal_aorta,biaxial,0.0,1.0122727272727272,1.0163636363636364,8.264166006905022,6.670115686312179,65.08947646652574,F,1
S02_abdominal_aorta_0_r0.75_1.0,S02,abdominal_aorta,biaxial,0.0,1.0245454545454544,1.0327272727272727,14.490872446906334,10.799140355509248,65.08947646652574,F,1
S02_abdominal_aorta_0_r0.75_1.0,S02,abdominal_aorta,biaxial,0.0,1.0368181818181819,1.049090909090909,14.951790416403309,13.35858657875492,65.08947646652574,F,1
S02_abdominal_aorta_0_r0.75_1.0,S02,abdominal_aorta,biaxial,0.0,1.049090909090909,1.0654545454545454,24.797661821279476,20.578940465405086,65.08947646652574,F,1
S02_abdominal_aorta_0_r0.75_1.0,S02,abdominal_aorta,biaxial,0.0,1.0613636363636363,1.0818181818181818,28.87767570754514,26.439403900302146,65.08947646652574,F,1
S02_abdominal_aorta_0_r0.75_1.0,S02,abdominal_aorta,biaxial,0.0,1.0736363636363637,1.0981818181818181,42.9276415841103,39.47492855097986,65.08947646652574,F,1
S02_abdominal_aorta_0_r0.75_1.0,S02,abdominal_aorta,biaxial,0.0,1.085909090909091,1.1145454545454545,57.536252981855135,59.08337288176393,65.08947646652574,F,1
S02_abdominal_aorta_0_r0.75_1.0,S02,abdominal_aorta,biaxial,0.0,1.0981818181818181,1.1309090909090909,75.2390994552495,66.7900603377942,65.08947646652574,F,1
S02_abdominal_aorta_0_r0.75_1.0,S02,abdominal_aorta,biaxial,0.0,1.1104545454545454,1.1472727272727272,113.36339635392102,109.52988689194487,65.08947646652574,F,1
S02_abdominal_aorta_0_r0.75_1.0,S02,abdominal_aorta,biaxial,0.0,1.1227272727272728,1.1636363636363636,167.033275862329,162.2298759556385,65.08947646652574,F,1
S02_abdominal_aorta_0_r0.75_1.0,S02,abdominal_aorta,biaxial,0.0,1.135,1.18,210.7559097149542,265.4158240883493,65.08947646652574,F,1
S02_rectus_sheath_0,S02,rectus_sheath,uniaxial,0.0,1.0115384615384615,,1.3949574669219509,,65.08947646652574,F,1
S02_rectus_sheath_0,S02,rectus_sheath,uniaxial,0.0,1.023076923076923,,3.0067816040825646,,65.08947646652574,F,1
S02_rectus_sheath_0,S02,rectus_sheath,uniaxial,0.0,1.0346153846153845,,4.100827243615891,,65.08947646652574,F,1
S02_rectus_sheath_0,S02,rectus_sheath,uniaxial,0.0,1.0461538461538462,,8.56096918735061,,65.08947646652574,F,1
S02_rectus_sheath_0,S02,rectus_sheath,uniaxial,0.0,1.0576923076923077,,9.72311534760463,,65.08947646652574,F,1
S02_rectus_sheath_0,S02,rectus_sheath,uniaxial,0.0,1.0692307692307692,,13.593039150016281,,65.08947646652574,F,1
S02_rectus_sheath_0,S02,rectus_sheath,uniaxial,0.0,1.0807692307692307,,14.362427448949749,,65.08947646652574,F,1
S02_rectus_sheath_0,S02,rectus_sheath,uniaxial,0.0,1.0923076923076922,,16.316252482855443,,65.08947646652574,F,1
S02_rectus_sheath_0,S02,rectus_sheath,uniaxial,0.0,1.1038461538461537,,25.163397705132038,,65.08947646652574,F,1
S02_rectus_sheath_0,S02,rectus_sheath,uniaxial,0.0,1.1153846153846154,,30.09002978768007,,65.08947646652574,F,1
S02_rectus_sheath_0,S02,rectus_sheath,uniaxial,0.0,1.126923076923077,,36.500777490571046,,65.08947646652574,F,1
S02_rectus_sheath_0,S02,rectus_sheath,uniaxial,0.0,1.1384615384615384,,44.523150960175585,,65.08947646652574,F,1
S02_rectus_sheath_0,S02,rectus_sheath,uniaxial,0.0,1.15,,51.152319278879844,,65.08947646652574,F,1
S02_rectus_sheath_90,S02,rectus_sheath,uniaxial,90.0,1.0115384615384615,,4.77679938548642,,65.08947646652574,F,1
S02_rectus_sheath_90,S02,rectus_sheath,uniaxial,90.0,1.023076923076923,,9.832744977282093,,65.08947646652574,F,1
S02_rectus_sheath_90,S02,rectus_sheath,uniaxial,90.0,1.0346153846153845,,15.453238176303666,,65.08947646652574,F,1
S02_rectus_sheath_90,S02,rectus_sheath,uniaxial,90.0,1.0461538461538462,,17.759109946431078,,65.08947646652574,F,1
S02_rectus_sheath_90,S02,rectus_sheath,uniaxial,90.0,1.0576923076923077,,28.03187637864502,,65.08947646652574,F,1
S02_rectus_sheath_90,S02,rectus_sheath,uniaxial,90.0,1.0692307692307692,,33.40060031372038,,65.08947646652574,F,1
S02_rectus_sheath_90,S02,rectus_sheath,uniaxial,90.0,1.0807692307692307,,48.738240161474856,,65.08947646652574,F,1
S02_rectus_sheath_90,S02,rectus_sheath,uniaxial,90.0,1.0923076923076922,,57.87162842324262,,65.08947646652574,F,1
S02_rectus_sheath_90,S02,rectus_sheath,uniaxial,90.0,1.1038461538461537,,72.06751889269356,,65.08947646652574,F,1
S02_rectus_sheath_90,S02,rectus_sheath,uniaxial,90.0,1.1153846153846154,,90.73995031997475,,65.08947646652574,F,1
S02_rectus_sheath_90,S02,rectus_sheath,uniaxial,90.0,1.126923076923077,,103.74266821632797,,65.08947646652574,F,1
S02_rectus_sheath_90,S02,rectus_sheath,uniaxial,90.0,1.1384615384615384,,130.89461930416425,,65.08947646652574,F,1
S02_rectus_sheath_90,S02,rectus_sheath,uniaxial,90.0,1.15,,159.62176133045045,,65.08947646652574,F,1
S03_rectus_sheath_0,S03,rectus_sheath,uniaxial,0.0,1.0115384615384615,,0.07221292568448168,,45.880547745861385,F,1
S03_rectus_sheath_0,S03,rectus_sheath,uniaxial,0.0,1.023076923076923,,2.610155660774928,,45.880547745861385,F,1
S03_rectus_sheath_0,S03,rectus_sheath,uniaxial,0.0,1.0346153846153845,,3.9061250129925877,,45.880547745861385,F,1
S03_rectus_sheath_0,S03,rectus_sheath,uniaxial,0.0,1.0461538461538462,,6.130743166169668,,45.880547745861385,F,1
S03_rectus_sheath_0,S03,rectus_sheath,uniaxial,0.0,1.0576923076923077,,6.3479512788160015,,45.880547745861385,F,1
S03_rectus_sheath_0,S03,rectus_sheath,uniaxial,0.0,1.0692307692307692,,7.718903997044561,,45.880547745861385,F,1
S03_rectus_sheath_0,S03,rectus_sheath,uniaxial,0.0,1.0807692307692307,,12.587437299319582,,45.880547745861385,F,1
S03_rectus_sheath_0,S03,rectus_sheath,uniaxial,0.0,1.0923076923076922,,19.054312930781418,,45.880547745861385,F,1
S03_rectus_sheath_0,S03,rectus_sheath,uniaxial,0.0,1.1038461538461537,,19.352413417073382,,45.880547745861385,F,1
S03_rectus_sheath_0,S03,rectus_sheath,uniaxial,0.0,1.1153846153846154,,21.667343775223383,,45.880547745861385,F,1
S03_rectus_sheath_0,S03,rectus_sheath,uniaxial,0.0,1.126923076923077,,33.03922518125648,,45.880547745861385,F,1
S03_rectus_sheath_0,S03,rectus_sheath,uniaxial,0.0,1.1384615384615384,,19.3348225917323,,45.880547745861385,F,1
S03_rectus_sheath_0,S03,rectus_sheath,uniaxial,0.0,1.15,,36.31360498795271,,45.880547745861385,F,1
S03_rectus_sheath_90,S03,rectus_sheath,uniaxial,90.0,1.0115384615384615,,3.7196631353784286,,45.880547745861385,F,1
S03_rectus_sheath_90,S03,rectus_sheath,uniaxial,90.0,1.023076923076923,,8.885511516321186,,45.880547745861385,F,1
S03_rectus_sheath_90,S03,rectus_sheath,uniaxial,90.0,1.0346153846153845,,15.037217448973784,,45.880547745861385,F,1
S03_rectus_sheath_90,S03,rectus_sheath,uniaxial,90.0,1.0461538461538462,,16.691625501460333,,45.880547745861385,F,1
S03_rectus_sheath_90,S03,rectus_sheath,uniaxial,90.0,1.0576923076923077,,18.135451460660285,,45.880547745861385,F,1
S03_rectus_sheath_90,S03,rectus_sheath,uniaxial,90.0,1.0692307692307692,,27.068959275869297,,45.880547745861385,F,1
S03_rectus_sheath_90,S03,rectus_sheath,uniaxial,90.0,1.0807692307692307,,38.44584161567937,,45.880547745861385,F,1
S03_rectus_sheath_90,S03,rectus_sheath,uniaxial,90.0,1.0923076923076922,,36.749322567802764,,45.880547745861385,F,1
S03_rectus_sheath_90,S03,rectus_sheath,uniaxial,90.0,1.1038461538461537,,49.554322754378454,,45.880547745861385,F,1
S03_rectus_sheath_90,S03,rectus_sheath,uniaxial,90.0,1.1153846153846154,,60.31462923012722,,45.880547745861385,F,1
S03_rectus_sheath_90,S03,rectus_sheath,uniaxial,90.0,1.126923076923077,,63.63892018770994,,45.880547745861385,F,1
S03_rectus_sheath_90,S03,rectus_sheath,uniaxial,90.0,1.1384615384615384,,86.35578150651088,,45.880547745861385,F,1
S03_rectus_sheath_90,S03,rectus_sheath,uniaxial,90.0,1.15,,92.39435476501505,,45.880547745861385,F,1
S03_abdominal_aorta_0_r1.0_1.0,S03,abdominal_aorta,biaxial,0.0,1.0163636363636364,1.0163636363636364,4.8707499305248145,5.007908545764218,45.880547745861385,F,1
S03_abdominal_aorta_0_r1.0_1.0,S03,abdominal_aorta,biaxial,0.0,1.0327272727272727,1.0327272727272727,5.809483007958477,8.435376742448925,45.880547745861385,F,1
S03_abdominal_aorta_0_r1.0_1.0,S03,abdominal_aorta,biaxial,0.0,1.049090909090909,1.049090909090909,17.109459282421643,13.482208285808468,45.880547745861385,F,1
S03_abdominal_aorta_0_r1.0_1.0,S03,abdominal_aorta,biaxial,0.0,1.0654545454545454,1.0654545454545454,25.253905086599634,20.202788429568947,45.880547745861385,F,1
S03_abdominal_aorta_0_r1.0_1.0,S03,abdominal_aorta,biaxial,0.0,1.0818181818181818,1.0818181818181818,29.389995711199656,23.183214370689846,45.880547745861385,F,1
S03_abdominal_aorta_0_r1.0_1.0,S03,abdominal_aorta,biaxial,0.0,1.0981818181818181,1.0981818181818181,41.76113888221185,34.130250396987535,45.880547745861385,F,1
S03_abdominal_aorta_0_r1.0_1.0,S03,abdominal_aorta,biaxial,0.0,1.1145454545454545,1.1145454545454545,59.45367208754365,43.22539256879583,45.880547745861385,F,1
S03_abdominal_aorta_0_r1.0_1.0,S03,abdominal_aorta,biaxial,0.0,1.1309090909090909,1.1309090909090909,81.69858107224628,63.278353346321246,45.880547745861385,F,1
S03_abdominal_aorta_0_r1.0_1.0,S03,abdominal_aorta,biaxial,0.0,1.1472727272727272,1.1472727272727272,94.93374281850646,77.46257789649374,45.880547745861385,F,1
S03_abdominal_aorta_0_r1.0_1.0,S03,abdominal_aorta,biaxial,0.0,1.1636363636363636,1.1636363636363636,121.38508202383947,105.52129022188758,45.880547745861385,F,1
S03_abdominal_aorta_0_r1.0_1.0,S03,abdominal_aorta,biaxial,0.0,1.18,1.18,202.62981147661873,160.68131885608366,45.880547745861385,F,1
S03_abdominal_aorta_0_r1.0_0.75,S03,abdominal_aorta,biaxial,0.0,1.0163636363636364,1.0122727272727272,5.468220058765144,3.981287348659261,45.880547745861385,F,1
S03_abdominal_aorta_0_r1.0_0.75,S03,abdominal_aorta,biaxial,0.0,1.0327272727272727,1.0245454545454544,9.45774508492102,7.2984332747941085,45.880547745861385,F,1
S03_abdominal_aorta_0_r1.0_0.75,S03,abdominal_aorta,biaxial,0.0,1.049090909090909,1.0368181818181819,14.841612743008817,14.362754371279902,45.880547745861385,F,1
S03_abdominal_aorta_0_r1.0_0.75,S03,abdominal_aorta,biaxial,0.0,1.0654545454545454,1.049090909090909,22.516035687081445,15.89791958342493,45.880547745861385,F,1
S03_abdominal_aorta_0_r1.0_0.75,S03,abdominal_aorta,biaxial,0.0,1.0818181818181818,1.0613636363636363,24.866461814928144,14.42648548751498,45.880547745861385,F,1
S03_abdominal_aorta_0_r1.0_0.75,S03,abdominal_aorta,biaxial,0.0,1.0981818181818181,1.0736363636363637,31.598886446095346,29.096667932397782,45.880547745861385,F,1
S03_abdominal_aorta_0_r1.0_0.75,S03,abdominal_aorta,biaxial,0.0,1.1145454545454545,1.085909090909091,54.6819177716629,33.88754048946934,45.880547745861385,F,1
S03_abdominal_aorta_0_r1.0_0.75,S03,abdominal_aorta,biaxial,0.0,1.1309090909090909,1.0981818181818181,65.48884109187627,44.836116981862574,45.880547745861385,F,1
S03_abdominal_aorta_0_r1.0_0.75,S03,abdominal_aorta,biaxial,0.0,1.1472727272727272,1.1104545454545454,87.3038755799555,51.2896573297342,45.880547745861385,F,1
S03_abdominal_aorta_0_r1.0_0.75,S03,abdominal_aorta,biaxial,0.0,1.1636363636363636,1.1227272727272728,111.78665608655443,62.40325254093938,45.880547745861385,F,1
S03_abdominal_aorta_0_r1.0_0.75,S03,abdominal_aorta,biaxial,0.0,1.18,1.135,156.76950145349795,88.81985562518997,45.880547745861385,F,1
S03_abdominal_aorta_0_r0.75_1.0,S03,abdominal_aorta,biaxial,0.0,1.0122727272727272,1.0163636363636364,1.5750491866397542,4.322990486730953,45.880547745861385,F,1
S03_abdominal_aorta_0_r0.75_1.0,S03,abdominal_aorta,biaxial,0.0,1.0245454545454544,1.0327272727272727,5.257640715620802,8.747294257155257,45.880547745861385,F,1
S03_abdominal_aorta_0_r0.75_1.0,S03,abdominal_aorta,biaxial,0.0,1.0368181818181819,1.049090909090909,8.827039213527371,10.864851100181284,45.880547745861385,F,1
S03_abdominal_aorta_0_r0.75_1.0,S03,abdominal_aorta,biaxial,0.0,1.049090909090909,1.0654545454545454,22.09533328797514,19.980709121374595,45.880547745861385,F,1
S03_abdominal_aorta_0_r0.75_1.0,S03,abdominal_aorta,biaxial,0.0,1.0613636363636363,1.0818181818181818,24.77758400879396,26.090381720811912,45.880547745861385,F,1
S03_abdominal_aorta_0_r0.75_1.0,S03,abdominal_aorta,biaxial,0.0,1.0736363636363637,1.0981818181818181,30.664458963127554,29.97319853291385,45.880547745861385,F,1
S03_abdominal_aorta_0_r0.75_1.0,S03,abdominal_aorta,biaxial,0.0,1.085909090909091,1.1145454545454545,42.96499296666968,42.93802209838435,45.880547745861385,F,1
S03_abdominal_aorta_0_r0.75_1.0,S03,abdominal_aorta,biaxial,0.0,1.0981818181818181,1.1309090909090909,47.86736282868653,58.80996318880348,45.880547745861385,F,1
S03_abdominal_aorta_0_r0.75_1.0,S03,abdominal_aorta,biaxial,0.0,1.1104545454545454,1.1472727272727272,59.00230418770151,62.80820954932287,45.880547745861385,F,1
S03_abdominal_aorta_0_r0.75_1.0,S03,abdominal_aorta,biaxial,0.0,1.1227272727272728,1.1636363636363636,81.70973353738354,79.3036473847933,45.880547745861385,F,1
S03_abdominal_aorta_0_r0.75_1.0,S03,abdominal_aorta,biaxial,0.0,1.135,1.18,99.40499832374655,116.54823380353386,45.880547745861385,F,1
S04_rectus_sheath_0,S04,rectus_sheath,uniaxial,0.0,1.0115384615384615,,5.44412175078705,,28.389120065435872,F,1
S04_rectus_sheath_0,S04,rectus_sheath,uniaxial,0.0,1.023076923076923,,1.3942973823415927,,28.389120065435872,F,1
S04_rectus_sheath_0,S04,rectus_sheath,uniaxial,0.0,1.0346153846153845,,3.5295520262070545,,28.389120065435872,F,1
S04_rectus_sheath_0,S04,rectus_sheath,uniaxial,0.0,1.0461538461538462,,3.839689686760796,,28.389120065435872,F,1
S04_rectus_sheath_0,S04,rectus_sheath,uniaxial,0.0,1.0576923076923077,,3.0023969057483866,,28.389120065435872,F,1
S04_rectus_sheath_0,S04,rectus_sheath,uniaxial,0.0,1.0692307692307692,,6.1416201281510885,,28.389120065435872,F,1
S04_rectus_sheath_0,S04,rectus_sheath,uniaxial,0.0,1.0807692307692307,,7.629690676810555,,28.389120065435872,F,1
S04_rectus_sheath_0,S04,rectus_sheath,uniaxial,0.0,1.0923076923076922,,10.3488238460098,,28.389120065435872,F,1
S04_rectus_sheath_0,S04,rectus_sheath,uniaxial,0.0,1.1038461538461537,,15.177853030552683,,28.389120065435872,F,1
S04_rectus_sheath_0,S04,rectus_sheath,uniaxial,0.0,1.1153846153846154,,22.755538457608196,,28.389120065435872,F,1
S04_rectus_sheath_0,S04,rectus_sheath,uniaxial,0.0,1.126923076923077,,18.345945743628818,,28.389120065435872,F,1
S04_rectus_sheath_0,S04,rectus_sheath,uniaxial,0.0,1.1384615384615384,,10.75043974424301,,28.389120065435872,F,1
S04_rectus_sheath_0,S04,rectus_sheath,uniaxial,0.0,1.15,,23.42433392712437,,28.389120065435872,F,1
S04_rectus_sheath_90,S04,rectus_sheath,uniaxial,90.0,1.0115384615384615,,3.636366070877687,,28.389120065435872,F,1
S04_rectus_sheath_90,S04,rectus_sheath,uniaxial,90.0,1.023076923076923,,2.3260557731900318,,28.389120065435872,F,1
S04_rectus_sheath_90,S04,rectus_sheath,uniaxial,90.0,1.0346153846153845,,7.219857605779236,,28.389120065435872,F,1
S04_rectus_sheath_90,S04,rectus_sheath,uniaxial,90.0,1.0461538461538462,,11.897935114727602,,28.389120065435872,F,1
S04_rectus_sheath_90,S04,rectus_sheath,uniaxial,90.0,1.0576923076923077,,11.677001105303358,,28.389120065435872,F,1
S04_rectus_sheath_90,S04,rectus_sheath,uniaxial,90.0,1.0692307692307692,,15.760799825286432,,28.389120065435872,F,1
S04_rectus_sheath_90,S04,rectus_sheath,uniaxial,90.0,1.0807692307692307,,22.089527187388477,,28.389120065435872,F,1
S04_rectus_sheath_90,S04,rectus_sheath,uniaxial,90.0,1.0923076923076922,,20.510749864097516,,28.389120065435872,F,1
S04_rectus_sheath_90,S04,rectus_sheath,uniaxial,90.0,1.1038461538461537,,29.176207783535418,,28.389120065435872,F,1
S04_rectus_sheath_90,S04,rectus_sheath,uniaxial,90.0,1.1153846153846154,,36.51950538017981,,28.389120065435872,F,1
S04_rectus_sheath_90,S04,rectus_sheath,uniaxial,90.0,1.126923076923077,,43.85733597977373,,28.389120065435872,F,1
S04_rectus_sheath_90,S04,rectus_sheath,uniaxial,90.0,1.1384615384615384,,55.23381958572258,,28.389120065435872,F,1
S04_rectus_sheath_90,S04,rectus_sheath,uniaxial,90.0,1.15,,70.78384918561774,,28.389120065435872,F,1
S04_abdominal_aorta_0_r1.0_1.0,S04,abdominal_aorta,biaxial,0.0,1.0163636363636364,1.0163636363636364,4.46483543147329,3.9114476671767577,28.389120065435872,F,1
S04_abdominal_aorta_0_r1.0_1.0,S04,abdominal_aorta,biaxial,0.0,1.0327272727272727,1.0327272727272727,7.074899347434185,8.789510222044187,28.389120065435872,F,1
S04_abdominal_aorta_0_r1.0_1.0,S04,abdominal_aorta,biaxial,0.0,1.049090909090909,1.049090909090909,12.459980521584775,9.898302583636823,28.389120065435872,F,1
S04_abdominal_aorta_0_r1.0_1.0,S04,abdominal_aorta,biaxial,0.0,1.0654545454545454,1.0654545454545454,18.51677338556303,15.51603280827089,28.389120065435872,F,1
S04_abdominal_aorta_0_r1.0_1.0,S04,abdominal_aorta,biaxial,0.0,1.0818181818181818,1.0818181818181818,16.98148598969904,15.769085731764278,28.389120065435872,F,1
S04_abdominal_aorta_0_r1.0_1.0,S04,abdominal_aorta,biaxial,0.0,1.0981818181818181,1.0981818181818181,27.00599737109415,27.355582695697183,28.389120065435872,F,1
S04_abdominal_aorta_0_r1.0_1.0,S04,abdominal_aorta,biaxial,0.0,1.1145454545454545,1.1145454545454545,41.08663684156922,18.227311164668556,28.389120065435872,F,1
S04_abdominal_aorta_0_r1.0_1.0,S04,abdominal_aorta,biaxial,0.0,1.1309090909090909,1.1309090909090909,39.220168626868826,37.76285832373637,28.389120065435872,F,1
S04_abdominal_aorta_0_r1.0_1.0,S04,abdominal_aorta,biaxial,0.0,1.1472727272727272,1.1472727272727272,56.91020051242174,45.39433658821645,28.389120065435872,F,1
S04_abdominal_aorta_0_r1.0_1.0,S04,abdominal_aorta,biaxial,0.0,1.1636363636363636,1.1636363636363636,69.95957334735377,52.61469315243363,28.389120065435872,F,1
S04_abdominal_aorta_0_r1.0_1.0,S04,abdominal_aorta,biaxial,0.0,1.18,1.18,90.94406594112013,66.15885691055631,28.389120065435872,F,1
S04_abdominal_aorta_0_r1.0_0.75,S04,abdominal_aorta,biaxial,0.0,1.0163636363636364,1.0122727272727272,3.3029783783185978,2.6844085275667573,28.389120065435872,F,1
S04_abdominal_aorta_0_r1.0_0.75,S04,abdominal_aorta,biaxial,0.0,1.0327272727272727,1.0245454545454544,5.716584393950483,5.911531572695577,28.389120065435872,F,1
S04_abdominal_aorta_0_r1.0_0.75,S04,abdominal_aorta,biaxial,0.0,1.049090909090909,1.0368181818181819,9.864759703443111,8.49987682017571,28.389120065435872,F,1
S04_abdominal_aorta_0_r1.0_0.75,S04,abdominal_aorta,biaxial,0.0,1.0654545454545454,1.049090909090909,12.901554439845734,11.124033944502088,28.389120065435872,F,1
S04_abdominal_aorta_0_r1.0_0.75,S04,abdominal_aorta,biaxial,0.0,1.0818181818181818,1.0613636363636363,32.019030550927184,16.60079325963638,28.389120065435872,F,1
S04_abdominal_aorta_0_r1.0_0.75,S04,abdominal_aorta,biaxial,0.0,1.0981818181818181,1.0736363636363637,22.65217852561294,19.53248263317813,28.389120065435872,F,1
S04_abdominal_aorta_0_r1.0_0.75,S04,abdominal_aorta,biaxial,0.0,1.1145454545454545,1.085909090909091,30.515882574640134,25.114560863519223,28.389120065435872,F,1
S04_abdominal_aorta_0_r1.0_0.75,S04,abdominal_aorta,biaxial,0.0,1.1309090909090909,1.0981818181818181,39.218153458190535,23.266323653958057,28.389120065435872,F,1
S04_abdominal_aorta_0_r1.0_0.75,S04,abdominal_aorta,biaxial,0.0,1.1472727272727272,1.1104545454545454,43.50043271783097,31.951049896362676,28.389120065435872,F,1
S04_abdominal_aorta_0_r1.0_0.75,S04,abdominal_aorta,biaxial,0.0,1.1636363636363636,1.1227272727272728,57.98453267135064,41.18873217210307,28.389120065435872,F,1
S04_abdominal_aorta_0_r1.0_0.75,S04,abdominal_aorta,biaxial,0.0,1.18,1.135,71.9596742772199,42.92473390908579,28.389120065435872,F,1
S04_abdominal_aorta_0_r0.75_1.0,S04,abdominal_aorta,biaxial,0.0,1.0122727272727272,1.0163636363636364,3.3621612550268436,1.675380146303544,28.389120065435872,F,1
S04_abdominal_aorta_0_r0.75_1.0,S04,abdominal_aorta,biaxial,0.0,1.0245454545454544,1.0327272727272727,7.9876515870313805,5.279211626886976,28.389120065435872,F,1
S04_abdominal_aorta_0_r0.75_1.0,S04,abdominal_aorta,biaxial,0.0,1.0368181818181819,1.049090909090909,5.396831998888972,7.185698485614738,28.389120065435872,F,1
S04_abdominal_aorta_0_r0.75_1.0,S04,abdominal_aorta,biaxial,0.0,1.049090909090909,1.0654545454545454,10.82349936076756,12.816123340318343,28.389120065435872,F,1
S04_abdominal_aorta_0_r0.75_1.0,S04,abdominal_aorta,biaxial,0.0,1.0613636363636363,1.0818181818181818,17.94934337751538,17.603020389864472,28.389120065435872,F,1
S04_abdominal_aorta_0_r0.75_1.0,S04,abdominal_aorta,biaxial,0.0,1.0736363636363637,1.0981818181818181,25.707443284130896,21.922972483456277,28.389120065435872,F,1
S04_abdominal_aorta_0_r0.75_1.0,S04,abdominal_aorta,biaxial,0.0,1.085909090909091,1.1145454545454545,22.702819558278723,24.79063900240516,28.389120065435872,F,1
S04_abdominal_aorta_0_r0.75_1.0,S04,abdominal_aorta,biaxial,0.0,1.0981818181818181,1.1309090909090909,34.24116326963399,36.443643276604405,28.389120065435872,F,1
S04_abdominal_aorta_0_r0.75_1.0,S04,abdominal_aorta,biaxial,0.0,1.1104545454545454,1.1472727272727272,41.75840800506052,38.76537800026619,28.389120065435872,F,1
S04_abdominal_aorta_0_r0.75_1.0,S04,abdominal_aorta,biaxial,0.0,1.1227272727272728,1.1636363636363636,42.097695048166415,42.36808949600065,28.389120065435872,F,1
S04_abdominal_aorta_0_r0.75_1.0,S04,abdominal_aorta,biaxial,0.0,1.135,1.18,55.53396361037152,53.87742744582032,28.389120065435872,F,1
S05_rectus_sheath_0,S05,rectus_sheath,uniaxial,0.0,1.0115384615384615,,2.633893848937185,,76.49144473121052,M,0
S05_rectus_sheath_0,S05,rectus_sheath,uniaxial,0.0,1.023076923076923,,2.7830948854266575,,76.49144473121052,M,0
S05_rectus_sheath_0,S05,rectus_sheath,uniaxial,0.0,1.0346153846153845,,10.083076940996184,,76.49144473121052,M,0
S05_rectus_sheath_0,S05,rectus_sheath,uniaxial,0.0,1.0461538461538462,,7.770347214013051,,76.49144473121052,M,0
S05_rectus_sheath_0,S05,rectus_sheath,uniaxial,0.0,1.0576923076923077,,17.33415507103938,,76.49144473121052,M,0
S05_rectus_sheath_0,S05,rectus_sheath,uniaxial,0.0,1.0692307692307692,,12.959143810636547,,76.49144473121052,M,0
S05_rectus_sheath_0,S05,rectus_sheath,uniaxial,0.0,1.0807692307692307,,16.38096873484868,,76.49144473121052,M,0
S05_rectus_sheath_0,S05,rectus_sheath,uniaxial,0.0,1.0923076923076922,,22.027671841352422,,76.49144473121052,M,0
S05_rectus_sheath_0,S05,rectus_sheath,uniaxial,0.0,1.1038461538461537,,30.201089028439213,,76.49144473121052,M,0
S05_rectus_sheath_0,S05,rectus_sheath,uniaxial,0.0,1.1153846153846154,,30.20327697889359,,76.49144473121052,M,0
S05_rectus_sheath_0,S05,rectus_sheath,uniaxial,0.0,1.126923076923077,,38.24305240411621,,76.49144473121052,M,0
S05_rectus_sheath_0,S05,rectus_sheath,uniaxial,0.0,1.1384615384615384,,47.19107943871137,,76.49144473121052,M,0
S05_rectus_sheath_0,S05,rectus_sheath,uniaxial,0.0,1.15,,58.42256385860423,,76.49144473121052,M,0
S05_rectus_sheath_90,S05,rectus_sheath,uniaxial,90.0,1.0115384615384615,,6.456447988715927,,76.49144473121052,M,0
S05_rectus_sheath_90,S05,rectus_sheath,uniaxial,90.0,1.023076923076923,,8.479654640325839,,76.49144473121052,M,0
S05_rectus_sheath_90,S05,rectus_sheath,uniaxial,90.0,1.0346153846153845,,14.302448340519216,,76.49144473121052,M,0
S05_rectus_sheath_90,S05,rectus_sheath,uniaxial,90.0,1.0461538461538462,,22.559170446646224,,76.49144473121052,M,0
S05_rectus_sheath_90,S05,rectus_sheath,uniaxial,90.0,1.0576923076923077,,27.54314703049714,,76.49144473121052,M,0
S05_rectus_sheath_90,S05,rectus_sheath,uniaxial,90.0,1.0692307692307692,,32.72673604765942,,76.49144473121052,M,0
S05_rectus_sheath_90,S05,rectus_sheath,uniaxial,90.0,1.0807692307692307,,38.50977138328477,,76.49144473121052,M,0
S05_rectus_sheath_90,S05,rectus_sheath,uniaxial,90.0,1.0923076923076922,,49.69886414068125,,76.49144473121052,M,0
S05_rectus_sheath_90,S05,rectus_sheath,uniaxial,90.0,1.1038461538461537,,62.82868789029233,,76.49144473121052,M,0
S05_rectus_sheath_90,S05,rectus_sheath,uniaxial,90.0,1.1153846153846154,,86.09976294535566,,76.49144473121052,M,0
S05_rectus_sheath_90,S05,rectus_sheath,uniaxial,90.0,1.126923076923077,,90.64219290722356,,76.49144473121052,M,0
S05_rectus_sheath_90,S05,rectus_sheath,uniaxial,90.0,1.1384615384615384,,124.53184789716222,,76.49144473121052,M,0
S05_rectus_sheath_90,S05,rectus_sheath,uniaxial,90.0,1.15,,132.40058078742098,,76.49144473121052,M,0
S05_abdominal_aorta_0_r1.0_1.0,S05,abdominal_aorta,biaxial,0.0,1.0163636363636364,1.0163636363636364,4.228399783933104,4.539816093055616,76.49144473121052,M,0
S05_abdominal_aorta_0_r1.0_1.0,S05,abdominal_aorta,biaxial,0.0,1.0327272727272727,1.0327272727272727,9.523690336254493,9.269398807694175,76.49144473121052,M,0
S05_abdominal_aorta_0_r1.0_1.0,S05,abdominal_aorta,biaxial,0.0,1.049090909090909,1.049090909090909,21.076888971702594,19.18491910521799,76.49144473121052,M,0
S05_abdominal_aorta_0_r1.0_1.0,S05,abdominal_aorta,biaxial,0.0,1.0654545454545454,1.0654545454545454,26.929765274016713,29.54305751480767,76.49144473121052,M,0
S05_abdominal_aorta_0_r1.0_1.0,S05,abdominal_aorta,biaxial,0.0,1.0818181818181818,1.0818181818181818,44.67355668737686,33.7404807281831,76.49144473121052,M,0
S05_abdominal_aorta_0_r1.0_1.0,S05,abdominal_aorta,biaxial,0.0,1.0981818181818181,1.0981818181818181,61.835289286660505,27.54258774589705,76.49144473121052,M,0
S05_abdominal_aorta_0_r1.0_1.0,S05,abdominal_aorta,biaxial,0.0,1.1145454545454545,1.1145454545454545,82.82406820970877,80.78967182304224,76.49144473121052,M,0
S05_abdominal_aorta_0_r1.0_1.0,S05,abdominal_aorta,biaxial,0.0,1.1309090909090909,1.1309090909090909,108.22338068789843,93.53834620286331,76.49144473121052,M,0
S05_abdominal_aorta_0_r1.0_1.0,S05,abdominal_aorta,biaxial,0.0,1.1472727272727272,1.1472727272727272,153.16174223288775,128.48526261799387,76.49144473121052,M,0
S05_abdominal_aorta_0_r1.0_1.0,S05,abdominal_aorta,biaxial,0.0,1.1636363636363636,1.1636363636363636,237.49186571702288,197.48901766580548,76.49144473121052,M,0
S05_abdominal_aorta_0_r1.0_1.0,S05,abdominal_aorta,biaxial,0.0,1.18,1.18,341.8488518553999,266.1540975123685,76.49144473121052,M,0
S05_abdominal_aorta_0_r1.0_0.75,S05,abdominal_aorta,biaxial,0.0,1.0163636363636364,1.0122727272727272,3.648571208675496,4.971210359198415,76.49144473121052,M,0
S05_abdominal_aorta_0_r1.0_0.75,S05,abdominal_aorta,biaxial,0.0,1.0327272727272727,1.0245454545454544,11.150144369781952,11.54214347284958,76.49144473121052,M,0
S05_abdominal_aorta_0_r1.0_0.75,S05,abdominal_aorta,biaxial,0.0,1.049090909090909,1.0368181818181819,20.92509375495814,13.956923441010908,76.49144473121052,M,0
S05_abdominal_aorta_0_r1.0_0.75,S05,abdominal_aorta,biaxial,0.0,1.0654545454545454,1.049090909090909,25.57551952083121,21.875636985865714,76.49144473121052,M,0
S05_abdominal_aorta_0_r1.0_0.75,S05,abdominal_aorta,biaxial,0.0,1.0818181818181818,1.0613636363636363,39.16303865086908,23.769101569037193,76.49144473121052,M,0
S05_abdominal_aorta_0_r1.0_0.75,S05,abdominal_aorta,biaxial,0.0,1.0981818181818181,1.0736363636363637,54.685828630821796,31.747444814844634,76.49144473121052,M,0
S05_abdominal_aorta_0_r1.0_0.75,S05,abdominal_aorta,biaxial,0.0,1.1145454545454545,1.085909090909091,63.57092023780139,42.97105145013899,76.49144473121052,M,0
S05_abdominal_aorta_0_r1.0_0.75,S05,abdominal_aorta,biaxial,0.0,1.1309090909090909,1.0981818181818181,97.86752798923513,62.79793334852157,76.49144473121052,M,0
S05_abdominal_aorta_0_r1.0_0.75,S05,abdominal_aorta,biaxial,0.0,1.1472727272727272,1.1104545454545454,134.16010470019455,82.20414759520494,76.49144473121052,M,0
S05_abdominal_aorta_0_r1.0_0.75,S05,abdominal_aorta,biaxial,0.0,1.1636363636363636,1.1227272727272728,208.9007356396044,106.06770479343574,76.49144473121052,M,0
S05_abdominal_aorta_0_r1.0_0.75,S05,abdominal_aorta,biaxial,0.0,1.18,1.135,295.12029763296357,173.2853622462478,76.49144473121052,M,0
S05_abdominal_aorta_0_r0.75_1.0,S05,abdominal_aorta,biaxial,0.0,1.0122727272727272,1.0163636363636364,6.732308635856446,3.5507000964986677,76.49144473121052,M,0
S05_abdominal_aorta_0_r0.75_1.0,S05,abdominal_aorta,biaxial,0.0,1.0245454545454544,1.0327272727272727,10.811263166299554,9.34861721436545,76.49144473121052,M,0
S05_abdominal_aorta_0_r0.75_1.0,S05,abdominal_aorta,biaxial,0.0,1.0368181818181819,1.049090909090909,15.798671754366872,15.249326327621272,76.49144473121052,M,0
S05_abdominal_aorta_0_r0.75_1.0,S05,abdominal_aorta,biaxial,0.0,1.049090909090909,1.0654545454545454,23.11503616755404,19.60411669870819,76.49144473121052,M,0
S05_abdominal_aorta_0_r0.75_1.0,S05,abdominal_aorta,biaxial,0.0,1.0613636363636363,1.0818181818181818,25.57534329502078,32.06061542398518,76.49144473121052,M,0
S05_abdominal_aorta_0_r0.75_1.0,S05,abdominal_aorta,biaxial,0.0,1.0736363636363637,1.0981818181818181,39.65253922970234,43.48543095787782,76.49144473121052,M,0
S05_abdominal_aorta_0_r0.75_1.0,S05,abdominal_aorta,biaxial,0.0,1.085909090909091,1.1145454545454545,51.65791301618666,52.48529975879008,76.49144473121052,M,0
S05_abdominal_aorta_0_r0.75_1.0,S05,abdominal_aorta,biaxial,0.0,1.0981818181818181,1.1309090909090909,70.91147180304053,78.28706269073352,76.49144473121052,M,0
S05_abdominal_aorta_0_r0.75_1.0,S05,abdominal_aorta,biaxial,0.0,1.1104545454545454,1.1472727272727272,91.24007741885744,91.20806900804283,76.49144473121052,M,0
S05_abdominal_aorta_0_r0.75_1.0,S05,abdominal_aorta,biaxial,0.0,1.1227272727272728,1.1636363636363636,119.92873156426158,131.32745510585383,76.49144473121052,M,0
S05_abdominal_aorta_0_r0.75_1.0,S05,abdominal_aorta,biaxial,0.0,1.135,1.18,152.18806139195075,211.53817480932597,76.49144473121052,M,0
S06_linea_alba_0,S06,linea_alba,uniaxial,0.0,1.0092307692307692,,1.4878702267723498,,63.8013708481246,M,1
S06_linea_alba_0,S06,linea_alba,uniaxial,0.0,1.0184615384615385,,2.270100376841703,,63.8013708481246,M,1
S06_linea_alba_0,S06,linea_alba,uniaxial,0.0,1.0276923076923077,,2.428020173044613,,63.8013708481246,M,1
S06_linea_alba_0,S06,linea_alba,uniaxial,0.0,1.036923076923077,,3.248669467447619,,63.8013708481246,M,1
S06_linea_alba_0,S06,linea_alba,uniaxial,0.0,1.0461538461538462,,3.3795672210606824,,63.8013708481246,M,1
S06_linea_alba_0,S06,linea_alba,uniaxial,0.0,1.0553846153846154,,5.646978265401016,,63.8013708481246,M,1
S06_linea_alba_0,S06,linea_alba,uniaxial,0.0,1.0646153846153847,,6.155805720449562,,63.8013708481246,M,1
S06_linea_alba_0,S06,linea_alba,uniaxial,0.0,1.073846153846154,,6.088226980272058,,63.8013708481246,M,1
S06_linea_alba_0,S06,linea_alba,uniaxial,0.0,1.083076923076923,,8.56893337760632,,63.8013708481246,M,1
S06_linea_alba_0,S06,linea_alba,uniaxial,0.0,1.0923076923076924,,4.625737895500864,,63.8013708481246,M,1
S06_linea_alba_0,S06,linea_alba,uniaxial,0.0,1.1015384615384616,,8.445088944200261,,63.8013708481246,M,1
S06_linea_alba_0,S06,linea_alba,uniaxial,0.0,1.110769230769231,,6.812012274923402,,63.8013708481246,M,1
S06_linea_alba_0,S06,linea_alba,uniaxial,0.0,1.12,,7.309060854464089,,63.8013708481246,M,1
S06_linea_alba_90,S06,linea_alba,uniaxial,90.0,1.0092307692307692,,14.63729495353622,,63.8013708481246,M,1
S06_linea_alba_90,S06,linea_alba,uniaxial,90.0,1.0184615384615385,,30.711364754565103,,63.8013708481246,M,1
S06_linea_alba_90,S06,linea_alba,uniaxial,90.0,1.0276923076923077,,45.15903678300195,,63.8013708481246,M,1
S06_linea_alba_90,S06,linea_alba,uniaxial,90.0,1.036923076923077,,57.00345719499288,,63.8013708481246,M,1
S06_linea_alba_90,S06,linea_alba,uniaxial,90.0,1.0461538461538462,,81.08586571239182,,63.8013708481246,M,1
S06_linea_alba_90,S06,linea_alba,uniaxial,90.0,1.0553846153846154,,108.65108996272284,,63.8013708481246,M,1
S06_linea_alba_90,S06,linea_alba,uniaxial,90.0,1.0646153846153847,,133.4676217874326,,63.8013708481246,M,1
S06_linea_alba_90,S06,linea_alba,uniaxial,90.0,1.073846153846154,,143.90376658235428,,63.8013708481246,M,1
S06_linea_alba_90,S06,linea_alba,uniaxial,90.0,1.083076923076923,,148.44148529567298,,63.8013708481246,M,1
S06_linea_alba_90,S06,linea_alba,uniaxial,90.0,1.0923076923076924,,179.88092301122575,,63.8013708481246,M,1
S06_linea_alba_90,S06,linea_alba,uniaxial,90.0,1.1015384615384616,,245.10092806119656,,63.8013708481246,M,1
S06_linea_alba_90,S06,linea_alba,uniaxial,90.0,1.110769230769231,,283.2438089078342,,63.8013708481246,M,1
S06_linea_alba_90,S06,linea_alba,uniaxial,90.0,1.12,,299.4264140160083,,63.8013708481246,M,1
S06_rectus_sheath_0,S06,rectus_sheath,uniaxial,0.0,1.0115384615384615,,-0.3519748430537748,,63.8013708481246,M,1
S06_rectus_sheath_0,S06,rectus_sheath,uniaxial,0.0,1.023076923076923,,1.7520817306739511,,63.8013708481246,M,1
S06_rectus_sheath_0,S06,rectus_sheath,uniaxial,0.0,1.0346153846153845,,0.844405300816768,,63.8013708481246,M,1
S06_rectus_sheath_0,S06,rectus_sheath,uniaxial,0.0,1.0461538461538462,,9.382530266959602,,63.8013708481246,M,1
S06_rectus_sheath_0,S06,rectus_sheath,uniaxial,0.0,1.0576923076923077,,12.749477849157573,,63.8013708481246,M,1
S06_rectus_sheath_0,S06,rectus_sheath,uniaxial,0.0,1.0692307692307692,,12.140869420532793,,63.8013708481246,M,1
S06_rectus_sheath_0,S06,rectus_sheath,uniaxial,0.0,1.0807692307692307,,19.33323502015268,,63.8013708481246,M,1
S06_rectus_sheath_0,S06,rectus_sheath,uniaxial,0.0,1.0923076923076922,,20.73904804409962,,63.8013708481246,M,1
S06_rectus_sheath_0,S06,rectus_sheath,uniaxial,0.0,1.1038461538461537,,30.80091582378087,,63.8013708481246,M,1
S06_rectus_sheath_0,S06,rectus_sheath,uniaxial,0.0,1.1153846153846154,,30.537260948476813,,63.8013708481246,M,1
S06_rectus_sheath_0,S06,rectus_sheath,uniaxial,0.0,1.126923076923077,,36.016106468923255,,63.8013708481246,M,1
S06_rectus_sheath_0,S06,rectus_sheath,uniaxial,0.0,1.1384615384615384,,45.23128624203755,,63.8013708481246,M,1
S06_rectus_sheath_0,S06,rectus_sheath,uniaxial,0.0,1.15,,49.45467362733577,,63.8013708481246,M,1
S06_rectus_sheath_90,S06,rectus_sheath,uniaxial,90.0,1.0115384615384615,,1.191165746185089,,63.8013708481246,M,1
S06_rectus_sheath_90,S06,rectus_sheath,uniaxial,90.0,1.023076923076923,,10.389155366708994,,63.8013708481246,M,1
S06_rectus_sheath_90,S06,rectus_sheath,uniaxial,90.0,1.0346153846153845,,15.565112500815877,,63.8013708481246,M,1
S06_rectus_sheath_90,S06,rectus_sheath,uniaxial,90.0,1.0461538461538462,,25.70779584583688,,63.8013708481246,M,1
S06_rectus_sheath_90,S06,rectus_sheath,uniaxial,90.0,1.0576923076923077,,28.37648265295161,,63.8013708481246,M,1
S06_rectus_sheath_90,S06,rectus_sheath,uniaxial,90.0,1.0692307692307692,,39.40743056378687,,63.8013708481246,M,1
S06_rectus_sheath_90,S06,rectus_sheath,uniaxial,90.0,1.0807692307692307,,45.188570366514185,,63.8013708481246,M,1
S06_rectus_sheath_90,S06,rectus_sheath,uniaxial,90.0,1.0923076923076922,,60.56039147452594,,63.8013708481246,M,1
S06_rectus_sheath_90,S06,rectus_sheath,uniaxial,90.0,1.1038461538461537,,69.20742582640824,,63.8013708481246,M,1
S06_rectus_sheath_90,S06,rectus_sheath,uniaxial,90.0,1.1153846153846154,,87.0905906575133,,63.8013708481246,M,1
S06_rectus_sheath_90,S06,rectus_sheath,uniaxial,90.0,1.126923076923077,,103.97623809068348,,63.8013708481246,M,1
S06_rectus_sheath_90,S06,rectus_sheath,uniaxial,90.0,1.1384615384615384,,128.39793420440242,,63.8013708481246,M,1
S06_rectus_sheath_90,S06,rectus_sheath,uniaxial,90.0,1.15,,136.5704206366962,,63.8013708481246,M,1
S07_linea_alba_0,S07,linea_alba,uniaxial,0.0,1.0092307692307692,,3.121813439974516,,47.301655279614764,M,1
S07_linea_alba_0,S07,linea_alba,uniaxial,0.0,1.0184615384615385,,0.5525560231698112,,47.301655279614764,M,1
S07_linea_alba_0,S07,linea_alba,uniaxial,0.0,1.0276923076923077,,1.4099379281848285,,47.301655279614764,M,1
S07_linea_alba_0,S07,linea_alba,uniaxial,0.0,1.036923076923077,,6.011512171381769,,47.301655279614764,M,1
S07_linea_alba_0,S07,linea_alba,uniaxial,0.0,1.0461538461538462,,3.0339757511433048,,47.301655279614764,M,1
S07_linea_alba_0,S07,linea_alba,uniaxial,0.0,1.0553846153846154,,0.7162588297396417,,47.301655279614764,M,1
S07_linea_alba_0,S07,linea_alba,uniaxial,0.0,1.0646153846153847,,4.144547968202446,,47.301655279614764,M,1
S07_linea_alba_0,S07,linea_alba,uniaxial,0.0,1.073846153846154,,4.322111129120394,,47.301655279614764,M,1
S07_linea_alba_0,S07,linea_alba,uniaxial,0.0,1.083076923076923,,0.21146321815164537,,47.301655279614764,M,1
S07_linea_alba_0,S07,linea_alba,uniaxial,0.0,1.0923076923076924,,6.891698402435879,,47.301655279614764,M,1
S07_linea_alba_0,S07,linea_alba,uniaxial,0.0,1.1015384615384616,,12.06824802434236,,47.301655279614764,M,1
S07_linea_alba_0,S07,linea_alba,uniaxial,0.0,1.110769230769231,,11.716264996712187,,47.301655279614764,M,1
S07_linea_alba_0,S07,linea_alba,uniaxial,0.0,1.12,,10.899412162676178,,47.301655279614764,M,1
S07_linea_alba_90,S07,linea_alba,uniaxial,90.0,1.0092307692307692,,9.106129036648326,,47.301655279614764,M,1
S07_linea_alba_90,S07,linea_alba,uniaxial,90.0,1.0184615384615385,,23.846815847447775,,47.301655279614764,M,1
S07_linea_alba_90,S07,linea_alba,uniaxial,90.0,1.0276923076923077,,32.130947569832735,,47.301655279614764,M,1
S07_linea_alba_90,S07,linea_alba,uniaxial,90.0,1.036923076923077,,47.16083084473338,,47.301655279614764,M,1
S07_linea_alba_90,S07,linea_alba,uniaxial,90.0,1.0461538461538462,,78.56680240185659,,47.301655279614764,M,1
S07_linea_alba_90,S07,linea_alba,uniaxial,90.0,1.0553846153846154,,58.25086253244501,,47.301655279614764,M,1
S07_linea_alba_90,S07,linea_alba,uniaxial,90.0,1.0646153846153847,,78.52446475544288,,47.301655279614764,M,1
S07_linea_alba_90,S07,linea_alba,uniaxial,90.0,1.073846153846154,,77.95236364895307,,47.301655279614764,M,1
S07_linea_alba_90,S07,linea_alba,uniaxial,90.0,1.083076923076923,,94.04201555368822,,47.301655279614764,M,1
S07_linea_alba_90,S07,linea_alba,uniaxial,90.0,1.0923076923076924,,133.40207895693445,,47.301655279614764,M,1
S07_linea_alba_90,S07,linea_alba,uniaxial,90.0,1.1015384615384616,,162.46836146229975,,47.301655279614764,M,1
S07_linea_alba_90,S07,linea_alba,uniaxial,90.0,1.110769230769231,,176.75988604569227,,47.301655279614764,M,1
S07_linea_alba_90,S07,linea_alba,uniaxial,90.0,1.12,,224.69839379442172,,47.301655279614764,M,1
S07_abdominal_aorta_0_r1.0_1.0,S07,abdominal_aorta,biaxial,0.0,1.0163636363636364,1.0163636363636364,3.4712339246265955,7.1031466761027735,47.301655279614764,M,1
S07_abdominal_aorta_0_r1.0_1.0,S07,abdominal_aorta,biaxial,0.0,1.0327272727272727,1.0327272727272727,12.016175537363779,10.384026593705523,47.301655279614764,M,1
S07_abdominal_aorta_0_r1.0_1.0,S07,abdominal_aorta,biaxial,0.0,1.049090909090909,1.049090909090909,17.882250728262473,15.412430915501165,47.301655279614764,M,1
S07_abdominal_aorta_0_r1.0_1.0,S07,abdominal_aorta,biaxial,0.0,1.0654545454545454,1.0654545454545454,22.622590002175656,18.405081098015458,47.301655279614764,M,1
S07_abdominal_aorta_0_r1.0_1.0,S07,abdominal_aorta,biaxial,0.0,1.0818181818181818,1.0818181818181818,26.924699114374594,27.350721702127217,47.301655279614764,M,1
S07_abdominal_aorta_0_r1.0_1.0,S07,abdominal_aorta,biaxial,0.0,1.0981818181818181,1.0981818181818181,44.35645684688708,37.49200197747355,47.301655279614764,M,1
S07_abdominal_aorta_0_r1.0_1.0,S07,abdominal_aorta,biaxial,0.0,1.1145454545454545,1.1145454545454545,65.71318631200373,49.87988157385452,47.301655279614764,M,1
S07_abdominal_aorta_0_r1.0_1.0,S07,abdominal_aorta,biaxial,0.0,1.1309090909090909,1.1309090909090909,71.76170879476146,63.315198768738874,47.301655279614764,M,1
S07_abdominal_aorta_0_r1.0_1.0,S07,abdominal_aorta,biaxial,0.0,1.1472727272727272,1.1472727272727272,99.39399505983498,122.89284959935567,47.301655279614764,M,1
S07_abdominal_aorta_0_r1.0_1.0,S07,abdominal_aorta,biaxial,0.0,1.1636363636363636,1.1636363636363636,150.1499263646026,127.92649686063979,47.301655279614764,M,1
S07_abdominal_aorta_0_r1.0_1.0,S07,abdominal_aorta,biaxial,0.0,1.18,1.18,202.01283150588011,155.5229959374374,47.301655279614764,M,1
S07_abdominal_aorta_0_r1.0_0.75,S07,abdominal_aorta,biaxial,0.0,1.0163636363636364,1.0122727272727272,4.989839334201036,4.804767027427877,47.301655279614764,M,1
S07_abdominal_aorta_0_r1.0_0.75,S07,abdominal_aorta,biaxial,0.0,1.0327272727272727,1.0245454545454544,10.54982409140524,7.486404850362109,47.301655279614764,M,1
S07_abdominal_aorta_0_r1.0_0.75,S07,abdominal_aorta,biaxial,0.0,1.049090909090909,1.0368181818181819,14.99871345154156,10.28002628719007,47.301655279614764,M,1
S07_abdominal_aorta_0_r1.0_0.75,S07,abdominal_aorta,biaxial,0.0,1.0654545454545454,1.049090909090909,22.411448600589953,17.352769539008673,47.301655279614764,M,1
S07_abdominal_aorta_0_r1.0_0.75,S07,abdominal_aorta,biaxial,0.0,1.0818181818181818,1.0613636363636363,31.25382448400965,20.0244633349428,47.301655279614764,M,1
S07_abdominal_aorta_0_r1.0_0.75,S07,abdominal_aorta,biaxial,0.0,1.0981818181818181,1.0736363636363637,41.732207096764554,27.663443899711204,47.301655279614764,M,1
S07_abdominal_aorta_0_r1.0_0.75,S07,abdominal_aorta,biaxial,0.0,1.1145454545454545,1.085909090909091,51.534894107209,29.851885785133227,47.301655279614764,M,1
S07_abdominal_aorta_0_r1.0_0.75,S07,abdominal_aorta,biaxial,0.0,1.1309090909090909,1.0981818181818181,74.61493299447726,44.64144133885425,47.301655279614764,M,1
S07_abdominal_aorta_0_r1.0_0.75,S07,abdominal_aorta,biaxial,0.0,1.1472727272727272,1.1104545454545454,86.14509206345049,52.06180336132388,47.301655279614764,M,1
S07_abdominal_aorta_0_r1.0_0.75,S07,abdominal_aorta,biaxial,0.0,1.1636363636363636,1.1227272727272728,133.51021069416586,71.68429878186498,47.301655279614764,M,1
S07_abdominal_aorta_0_r1.0_0.75,S07,abdominal_aorta,biaxial,0.0,1.18,1.135,135.88234128402257,79.78326939371001,47.301655279614764,M,1
S07_abdominal_aorta_0_r0.75_1.0,S07,abdominal_aorta,biaxial,0.0,1.0122727272727272,1.0163636363636364,2.039455756540698,4.226236808479092,47.301655279614764,M,1
S07_abdominal_aorta_0_r0.75_1.0,S07,abdominal_aorta,biaxial,0.0,1.0245454545454544,1.0327272727272727,6.121365406222147,7.059427410841424,47.301655279614764,M,1
S07_abdominal_aorta_0_r0.75_1.0,S07,abdominal_aorta,biaxial,0.0,1.0368181818181819,1.049090909090909,12.872208691251902,13.312069233553215,47.301655279614764,M,1
S07_abdominal_aorta_0_r0.75_1.0,S07,abdominal_aorta,biaxial,0.0,1.049090909090909,1.0654545454545454,19.991624682758154,17.301416978783987,47.301655279614764,M,1
S07_abdominal_aorta_0_r0.75_1.0,S07,abdominal_aorta,biaxial,0.0,1.0613636363636363,1.0818181818181818,25.157154534898723,25.93636517239735,47.301655279614764,M,1
S07_abdominal_aorta_0_r0.75_1.0,S07,abdominal_aorta,biaxial,0.0,1.0736363636363637,1.0981818181818181,32.194677693742726,28.00071398615888,47.301655279614764,M,1
S07_abdominal_aorta_0_r0.75_1.0,S07,abdominal_aorta,biaxial,0.0,1.085909090909091,1.1145454545454545,45.634782513262714,41.441054451410146,47.301655279614764,M,1
S07_abdominal_aorta_0_r0.75_1.0,S07,abdominal_aorta,biaxial,0.0,1.0981818181818181,1.1309090909090909,36.30456736320809,44.01340930455961,47.301655279614764,M,1
S07_abdominal_aorta_0_r0.75_1.0,S07,abdominal_aorta,biaxial,0.0,1.1104545454545454,1.1472727272727272,60.2174625071072,65.40153165102627,47.301655279614764,M,1
S07_abdominal_aorta_0_r0.75_1.0,S07,abdominal_aorta,biaxial,0.0,1.1227272727272728,1.1636363636363636,76.66036305873241,93.18801908023894,47.301655279614764,M,1
S07_abdominal_aorta_0_r0.75_1.0,S07,abdominal_aorta,biaxial,0.0,1.135,1.18,111.0968684290117,105.24614811135108,47.301655279614764,M,1
S08_rectus_sheath_0,S08,rectus_sheath,uniaxial,0.0,1.0115384615384615,,1.2943796767818314,,51.411906007213005,M,1
S08_rectus_sheath_0,S08,rectus_sheath,uniaxial,0.0,1.023076923076923,,4.450671225925554,,51.411906007213005,M,1
S08_rectus_sheath_0,S08,rectus_sheath,uniaxial,0.0,1.0346153846153845,,4.022043473604985,,51.411906007213005,M,1
S08_rectus_sheath_0,S08,rectus_sheath,uniaxial,0.0,1.0461538461538462,,7.280141188349451,,51.411906007213005,M,1
S08_rectus_sheath_0,S08,rectus_sheath,uniaxial,0.0,1.0576923076923077,,10.03158708124652,,51.411906007213005,M,1
S08_rectus_sheath_0,S08,rectus_sheath,uniaxial,0.0,1.0692307692307692,,8.380846943855097,,51.411906007213005,M,1
S08_rectus_sheath_0,S08,rectus_sheath,uniaxial,0.0,1.0807692307692307,,14.953075601975343,,51.411906007213005,M,1
S08_rectus_sheath_0,S08,rectus_sheath,uniaxial,0.0,1.0923076923076922,,15.770137827820996,,51.411906007213005,M,1
S08_rectus_sheath_0,S08,rectus_sheath,uniaxial,0.0,1.1038461538461537,,20.634567346125554,,51.411906007213005,M,1
S08_rectus_sheath_0,S08,rectus_sheath,uniaxial,0.0,1.1153846153846154,,9.762646286280605,,51.411906007213005,M,1
S08_rectus_sheath_0,S08,rectus_sheath,uniaxial,0.0,1.126923076923077,,29.927446018718765,,51.411906007213005,M,1
S08_rectus_sheath_0,S08,rectus_sheath,uniaxial,0.0,1.1384615384615384,,29.281416843336363,,51.411906007213005,M,1
S08_rectus_sheath_0,S08,rectus_sheath,uniaxial,0.0,1.15,,36.22627447778129,,51.411906007213005,M,1
S08_rectus_sheath_90,S08,rectus_sheath,uniaxial,90.0,1.0115384615384615,,2.92760701605358,,51.411906007213005,M,1
S08_rectus_sheath_90,S08,rectus_sheath,uniaxial,90.0,1.023076923076923,,7.019222260897484,,51.411906007213005,M,1
S08_rectus_sheath_90,S08,rectus_sheath,uniaxial,90.0,1.0346153846153845,,12.509235068027035,,51.411906007213005,M,1
S08_rectus_sheath_90,S08,rectus_sheath,uniaxial,90.0,1.0461538461538462,,18.752275742436453,,51.411906007213005,M,1
S08_rectus_sheath_90,S08,rectus_sheath,uniaxial,90.0,1.0576923076923077,,24.013166509649448,,51.411906007213005,M,1
S08_rectus_sheath_90,S08,rectus_sheath,uniaxial,90.0,1.0692307692307692,,27.460554278061235,,51.411906007213005,M,1
S08_rectus_sheath_90,S08,rectus_sheath,uniaxial,90.0,1.0807692307692307,,35.92064144700659,,51.411906007213005,M,1
S08_rectus_sheath_90,S08,rectus_sheath,uniaxial,90.0,1.0923076923076922,,40.703749923859206,,51.411906007213005,M,1
S08_rectus_sheath_90,S08,rectus_sheath,uniaxial,90.0,1.1038461538461537,,48.240719870520536,,51.411906007213005,M,1
S08_rectus_sheath_90,S08,rectus_sheath,uniaxial,90.0,1.1153846153846154,,62.27630193688207,,51.411906007213005,M,1
S08_rectus_sheath_90,S08,rectus_sheath,uniaxial,90.0,1.126923076923077,,78.4101866226361,,51.411906007213005,M,1
S08_rectus_sheath_90,S08,rectus_sheath,uniaxial,90.0,1.1384615384615384,,81.5193995404002,,51.411906007213005,M,1
S08_rectus_sheath_90,S08,rectus_sheath,uniaxial,90.0,1.15,,91.8153254527111,,51.411906007213005,M,1
S08_linea_alba_0,S08,linea_alba,uniaxial,0.0,1.0092307692307692,,-0.6217633485232099,,51.411906007213005,M,1
S08_linea_alba_0,S08,linea_alba,uniaxial,0.0,1.0184615384615385,,0.2122708356876385,,51.411906007213005,M,1
S08_linea_alba_0,S08,linea_alba,uniaxial,0.0,1.0276923076923077,,-0.472481128246641,,51.411906007213005,M,1
S08_linea_alba_0,S08,linea_alba,uniaxial,0.0,1.036923076923077,,4.854393761165635,,51.411906007213005,M,1
S08_linea_alba_0,S08,linea_alba,uniaxial,0.0,1.0461538461538462,,4.673528356019256,,51.411906007213005,M,1
S08_linea_alba_0,S08,linea_alba,uniaxial,0.0,1.0553846153846154,,3.618466983743794,,51.411906007213005,M,1
S08_linea_alba_0,S08,linea_alba,uniaxial,0.0,1.0646153846153847,,4.532404593714515,,51.411906007213005,M,1
S08_linea_alba_0,S08,linea_alba,uniaxial,0.0,1.073846153846154,,3.549277520588455,,51.411906007213005,M,1
S08_linea_alba_0,S08,linea_alba,uniaxial,0.0,1.083076923076923,,3.763873476256325,,51.411906007213005,M,1
S08_linea_alba_0,S08,linea_alba,uniaxial,0.0,1.0923076923076924,,6.37793887519793,,51.411906007213005,M,1
S08_linea_alba_0,S08,linea_alba,uniaxial,0.0,1.1015384615384616,,5.7157004080325855,,51.411906007213005,M,1
S08_linea_alba_0,S08,linea_alba,uniaxial,0.0,1.110769230769231,,5.789916422486183,,51.411906007213005,M,1
S08_linea_alba_0,S08,linea_alba,uniaxial,0.0,1.12,,4.830420794039075,,51.411906007213005,M,1
S08_linea_alba_90,S08,linea_alba,uniaxial,90.0,1.0092307692307692,,14.51169352427946,,51.411906007213005,M,1
S08_linea_alba_90,S08,linea_alba,uniaxial,90.0,1.0184615384615385,,21.327888798879496,,51.411906007213005,M,1
S08_linea_alba_90,S08,linea_alba,uniaxial,90.0,1.0276923076923077,,31.332043058061807,,51.411906007213005,M,1
S08_linea_alba_90,S08,linea_alba,uniaxial,90.0,1.036923076923077,,43.18410811542889,,51.411906007213005,M,1
S08_linea_alba_90,S08,linea_alba,uniaxial,90.0,1.0461538461538462,,58.14054770825558,,51.411906007213005,M,1
S08_linea_alba_90,S08,linea_alba,uniaxial,90.0,1.0553846153846154,,79.55362972759434,,51.411906007213005,M,1
S08_linea_alba_90,S08,linea_alba,uniaxial,90.0,1.0646153846153847,,86.98140605894787,,51.411906007213005,M,1
S08_linea_alba_90,S08,linea_alba,uniaxial,90.0,1.073846153846154,,100.53318096523194,,51.411906007213005,M,1
S08_linea_alba_90,S08,linea_alba,uniaxial,90.0,1.083076923076923,,105.87789373006581,,51.411906007213005,M,1
S08_linea_alba_90,S08,linea_alba,uniaxial,90.0,1.0923076923076924,,121.58645354108575,,51.411906007213005,M,1
S08_linea_alba_90,S08,linea_alba,uniaxial,90.0,1.1015384615384616,,147.21171915627485,,51.411906007213005,M,1
S08_linea_alba_90,S08,linea_alba,uniaxial,90.0,1.110769230769231,,183.0404479870282,,51.411906007213005,M,1
S08_linea_alba_90,S08,linea_alba,uniaxial,90.0,1.12,,201.05484095223255,,51.411906007213005,M,1
S09_rectus_sheath_0,S09,rectus_sheath,uniaxial,0.0,1.0115384615384615,,3.47835283511509,,48.53067035026274,M,0
S09_rectus_sheath_0,S09,rectus_sheath,uniaxial,0.0,1.023076923076923,,1.9942245666735166,,48.53067035026274,M,0
S09_rectus_sheath_0,S09,rectus_sheath,uniaxial,0.0,1.0346153846153845,,8.902980101324118,,48.53067035026274,M,0
S09_rectus_sheath_0,S09,rectus_sheath,uniaxial,0.0,1.0461538461538462,,8.469941442523279,,48.53067035026274,M,0
S09_rectus_sheath_0,S09,rectus_sheath,uniaxial,0.0,1.0576923076923077,,7.105821408664816,,48.53067035026274,M,0
S09_rectus_sheath_0,S09,rectus_sheath,uniaxial,0.0,1.0692307692307692,,12.573869374263634,,48.53067035026274,M,0
S09_rectus_sheath_0,S09,rectus_sheath,uniaxial,0.0,1.0807692307692307,,15.375579965907866,,48.53067035026274,M,0
S09_rectus_sheath_0,S09,rectus_sheath,uniaxial,0.0,1.0923076923076922,,15.692200370990113,,48.53067035026274,M,0
S09_rectus_sheath_0,S09,rectus_sheath,uniaxial,0.0,1.1038461538461537,,19.843052855001517,,48.53067035026274,M,0
S09_rectus_sheath_0,S09,rectus_sheath,uniaxial,0.0,1.1153846153846154,,22.084731240110933,,48.53067035026274,M,0
S09_rectus_sheath_0,S09,rectus_sheath,uniaxial,0.0,1.126923076923077,,34.80315343666845,,48.53067035026274,M,0
S09_rectus_sheath_0,S09,rectus_sheath,uniaxial,0.0,1.1384615384615384,,25.63912505790885,,48.53067035026274,M,0
S09_rectus_sheath_0,S09,rectus_sheath,uniaxial,0.0,1.15,,35.75659879248142,,48.53067035026274,M,0
S09_rectus_sheath_90,S09,rectus_sheath,uniaxial,90.0,1.0115384615384615,,5.348268193722404,,48.53067035026274,M,0
S09_rectus_sheath_90,S09,rectus_sheath,uniaxial,90.0,1.023076923076923,,1.0973279686296538,,48.53067035026274,M,0
S09_rectus_sheath_90,S09,rectus_sheath,uniaxial,90.0,1.0346153846153845,,13.264728677412936,,48.53067035026274,M,0
S09_rectus_sheath_90,S09,rectus_sheath,uniaxial,90.0,1.0461538461538462,,18.040746092642408,,48.53067035026274,M,0
S09_rectus_sheath_90,S09,rectus_sheath,uniaxial,90.0,1.0576923076923077,,23.078558011783578,,48.53067035026274,M,0
S09_rectus_sheath_90,S09,rectus_sheath,uniaxial,90.0,1.0692307692307692,,28.977340339531416,,48.53067035026274,M,0
S09_rectus_sheath_90,S09,rectus_sheath,uniaxial,90.0,1.0807692307692307,,32.35199246897227,,48.53067035026274,M,0
S09_rectus_sheath_90,S09,rectus_sheath,uniaxial,90.0,1.0923076923076922,,47.835431636508304,,48.53067035026274,M,0
S09_rectus_sheath_90,S09,rectus_sheath,uniaxial,90.0,1.1038461538461537,,47.21693109694479,,48.53067035026274,M,0
S09_rectus_sheath_90,S09,rectus_sheath,uniaxial,90.0,1.1153846153846154,,57.91879185127196,,48.53067035026274,M,0
S09_rectus_sheath_90,S09,rectus_sheath,uniaxial,90.0,1.126923076923077,,65.70926609145441,,48.53067035026274,M,0
S09_rectus_sheath_90,S09,rectus_sheath,uniaxial,90.0,1.1384615384615384,,78.89333481117751,,48.53067035026274,M,0
S09_rectus_sheath_90,S09,rectus_sheath,uniaxial,90.0,1.15,,101.18795079451097,,48.53067035026274,M,0
S09_linea_alba_0,S09,linea_alba,uniaxial,0.0,1.0092307692307692,,1.6384227482846725,,48.53067035026274,M,0
S09_linea_alba_0,S09,linea_alba,uniaxial,0.0,1.0184615384615385,,-0.34945256028354477,,48.53067035026274,M,0
S09_linea_alba_0,S09,linea_alba,uniaxial,0.0,1.0276923076923077,,0.5473027125444216,,48.53067035026274,M,0
S09_linea_alba_0,S09,linea_alba,uniaxial,0.0,1.036923076923077,,3.004274009768358,,48.53067035026274,M,0
S09_linea_alba_0,S09,linea_alba,uniaxial,0.0,1.0461538461538462,,3.4249472799536718,,48.53067035026274,M,0
S09_linea_alba_0,S09,linea_alba,uniaxial,0.0,1.0553846153846154,,3.9810275947576645,,48.53067035026274,M,0
S09_linea_alba_0,S09,linea_alba,uniaxial,0.0,1.0646153846153847,,3.8682874088473715,,48.53067035026274,M,0
S09_linea_alba_0,S09,linea_alba,uniaxial,0.0,1.073846153846154,,4.086165099497819,,48.53067035026274,M,0
S09_linea_alba_0,S09,linea_alba,uniaxial,0.0,1.083076923076923,,5.720177061365769,,48.53067035026274,M,0
S09_linea_alba_0,S09,linea_alba,uniaxial,0.0,1.0923076923076924,,5.119115557964664,,48.53067035026274,M,0
S09_linea_alba_0,S09,linea_alba,uniaxial,0.0,1.1015384615384616,,6.36650125948671,,48.53067035026274,M,0
S09_linea_alba_0,S09,linea_alba,uniaxial,0.0,1.110769230769231,,6.4690433097759374,,48.53067035026274,M,0
S09_linea_alba_0,S09,linea_alba,uniaxial,0.0,1.12,,5.878894795291135,,48.53067035026274,M,0
S09_linea_alba_90,S09,linea_alba,uniaxial,90.0,1.0092307692307692,,9.085206828069198,,48.53067035026274,M,0
S09_linea_alba_90,S09,linea_alba,uniaxial,90.0,1.0184615384615385,,19.36876392784094,,48.53067035026274,M,0
S09_linea_alba_90,S09,linea_alba,uniaxial,90.0,1.0276923076923077,,39.192564101017936,,48.53067035026274,M,0
S09_linea_alba_90,S09,linea_alba,uniaxial,90.0,1.036923076923077,,42.721656939139436,,48.53067035026274,M,0
S09_linea_alba_90,S09,linea_alba,uniaxial,90.0,1.0461538461538462,,53.92802869843438,,48.53067035026274,M,0
S09_linea_alba_90,S09,linea_alba,uniaxial,90.0,1.0553846153846154,,70.9470542885158,,48.53067035026274,M,0
S09_linea_alba_90,S09,linea_alba,uniaxial,90.0,1.0646153846153847,,86.51025043158407,,48.53067035026274,M,0
S09_linea_alba_90,S09,linea_alba,uniaxial,90.0,1.073846153846154,,105.05188862693352,,48.53067035026274,M,0
S09_linea_alba_90,S09,linea_alba,uniaxial,90.0,1.083076923076923,,132.981852172369,,48.53067035026274,M,0
S09_linea_alba_90,S09,linea_alba,uniaxial,90.0,1.0923076923076924,,130.31069378599722,,48.53067035026274,M,0
S09_linea_alba_90,S09,linea_alba,uniaxial,90.0,1.1015384615384616,,174.41191146067774,,48.53067035026274,M,0
S09_linea_alba_90,S09,linea_alba,uniaxial,90.0,1.110769230769231,,158.59354642869243,,48.53067035026274,M,0
S09_linea_alba_90,S09,linea_alba,uniaxial,90.0,1.12,,208.79657466284252,,48.53067035026274,M,0
S10_abdominal_aorta_0_r1.0_1.0,S10,abdominal_aorta,biaxial,0.0,1.0163636363636364,1.0163636363636364,2.1251886189253635,2.894393370575572,37.27774317640943,M,1
S10_abdominal_aorta_0_r1.0_1.0,S10,abdominal_aorta,biaxial,0.0,1.0327272727272727,1.0327272727272727,13.257957332034653,5.021757077365995,37.27774317640943,M,1
S10_abdominal_aorta_0_r1.0_1.0,S10,abdominal_aorta,biaxial,0.0,1.049090909090909,1.049090909090909,15.160428081233524,12.10117403038999,37.27774317640943,M,1
S10_abdominal_aorta_0_r1.0_1.0,S10,abdominal_aorta,biaxial,0.0,1.0654545454545454,1.0654545454545454,20.15009940034235,19.327032328765263,37.27774317640943,M,1
S10_abdominal_aorta_0_r1.0_1.0,S10,abdominal_aorta,biaxial,0.0,1.0818181818181818,1.0818181818181818,23.033780716327406,21.866803369429164,37.27774317640943,M,1
S10_abdominal_aorta_0_r1.0_1.0,S10,abdominal_aorta,biaxial,0.0,1.0981818181818181,1.0981818181818181,33.83178771045259,30.71045222269145,37.27774317640943,M,1
S10_abdominal_aorta_0_r1.0_1.0,S10,abdominal_aorta,biaxial,0.0,1.1145454545454545,1.1145454545454545,44.65827011720523,33.29611991947983,37.27774317640943,M,1
S10_abdominal_aorta_0_r1.0_1.0,S10,abdominal_aorta,biaxial,0.0,1.1309090909090909,1.1309090909090909,47.17506355999126,42.25182060253121,37.27774317640943,M,1
S10_abdominal_aorta_0_r1.0_1.0,S10,abdominal_aorta,biaxial,0.0,1.1472727272727272,1.1472727272727272,53.376773183419346,53.44225377228966,37.27774317640943,M,1
S10_abdominal_aorta_0_r1.0_1.0,S10,abdominal_aorta,biaxial,0.0,1.1636363636363636,1.1636363636363636,74.62951645625638,61.66029328600794,37.27774317640943,M,1
S10_abdominal_aorta_0_r1.0_1.0,S10,abdominal_aorta,biaxial,0.0,1.18,1.18,95.62503336905596,80.12269650505068,37.27774317640943,M,1
S10_abdominal_aorta_0_r1.0_0.75,S10,abdominal_aorta,biaxial,0.0,1.0163636363636364,1.0122727272727272,5.488366049277164,0.9047490802562121,37.27774317640943,M,1
S10_abdominal_aorta_0_r1.0_0.75,S10,abdominal_aorta,biaxial,0.0,1.0327272727272727,1.0245454545454544,7.802720468667228,5.931759294337718,37.27774317640943,M,1
S10_abdominal_aorta_0_r1.0_0.75,S10,abdominal_aorta,biaxial,0.0,1.049090909090909,1.0368181818181819,11.570531850136812,10.701767677501497,37.27774317640943,M,1
S10_abdominal_aorta_0_r1.0_0.75,S10,abdominal_aorta,biaxial,0.0,1.0654545454545454,1.049090909090909,18.640440803703992,12.73427440939518,37.27774317640943,M,1
S10_abdominal_aorta_0_r1.0_0.75,S10,abdominal_aorta,biaxial,0.0,1.0818181818181818,1.0613636363636363,25.58975370285361,19.230011342218972,37.27774317640943,M,1
S10_abdominal_aorta_0_r1.0_0.75,S10,abdominal_aorta,biaxial,0.0,1.0981818181818181,1.0736363636363637,37.60242769371321,21.480257206090993,37.27774317640943,M,1
S10_abdominal_aorta_0_r1.0_0.75,S10,abdominal_aorta,biaxial,0.0,1.1145454545454545,1.085909090909091,38.48963900676489,27.224087167248687,37.27774317640943,M,1
S10_abdominal_aorta_0_r1.0_0.75,S10,abdominal_aorta,biaxial,0.0,1.1309090909090909,1.0981818181818181,41.68283724663026,31.95750143832356,37.27774317640943,M,1
S10_abdominal_aorta_0_r1.0_0.75,S10,abdominal_aorta,biaxial,0.0,1.1472727272727272,1.1104545454545454,54.82590909614162,31.240238094116144,37.27774317640943,M,1
S10_abdominal_aorta_0_r1.0_0.75,S10,abdominal_aorta,biaxial,0.0,1.1636363636363636,1.1227272727272728,67.19519421608331,46.82503359375858,37.27774317640943,M,1
S10_abdominal_aorta_0_r1.0_0.75,S10,abdominal_aorta,biaxial,0.0,1.18,1.135,86.13746148809817,55.08485219311226,37.27774317640943,M,1
S10_abdominal_aorta_0_r0.75_1.0,S10,abdominal_aorta,biaxial,0.0,1.0122727272727272,1.0163636363636364,2.927460180065703,4.1776421983138725,37.27774317640943,M,1
S10_abdominal_aorta_0_r0.75_1.0,S10,abdominal_aorta,biaxial,0.0,1.0245454545454544,1.0327272727272727,6.01164660940882,6.987956202956877,37.27774317640943,M,1
S10_abdominal_aorta_0_r0.75_1.0,S10,abdominal_aorta,biaxial,0.0,1.0368181818181819,1.049090909090909,11.989270486313643,12.283834491318807,37.27774317640943,M,1
S10_abdominal_aorta_0_r0.75_1.0,S10,abdominal_aorta,biaxial,0.0,1.049090909090909,1.0654545454545454,15.306167313763842,14.553421546726074,37.27774317640943,M,1
S10_abdominal_aorta_0_r0.75_1.0,S10,abdominal_aorta,biaxial,0.0,1.0613636363636363,1.0818181818181818,15.73792642306962,21.323338385177028,37.27774317640943,M,1
S10_abdominal_aorta_0_r0.75_1.0,S10,abdominal_aorta,biaxial,0.0,1.0736363636363637,1.0981818181818181,27.319049153914563,26.25019216181187,37.27774317640943,M,1
S10_abdominal_aorta_0_r0.75_1.0,S10,abdominal_aorta,biaxial,0.0,1.085909090909091,1.1145454545454545,27.363535522019035,31.832193129051525,37.27774317640943,M,1
S10_abdominal_aorta_0_r0.75_1.0,S10,abdominal_aorta,biaxial,0.0,1.0981818181818181,1.1309090909090909,36.74769661201878,32.78960828681227,37.27774317640943,M,1
S10_abdominal_aorta_0_r0.75_1.0,S10,abdominal_aorta,biaxial,0.0,1.1104545454545454,1.1472727272727272,42.711108523983675,46.70196696471987,37.27774317640943,M,1
S10_abdominal_aorta_0_r0.75_1.0,S10,abdominal_aorta,biaxial,0.0,1.1227272727272728,1.1636363636363636,51.75208034093055,56.1042162566935,37.27774317640943,M,1
S10_abdominal_aorta_0_r0.75_1.0,S10,abdominal_aorta,biaxial,0.0,1.135,1.18,66.47067765309332,66.47364392715336,37.27774317640943,M,1
S10_linea_alba_0,S10,linea_alba,uniaxial,0.0,1.0092307692307692,,-0.26943719095397356,,37.27774317640943,M,1
S10_linea_alba_0,S10,linea_alba,uniaxial,0.0,1.0184615384615385,,2.814706121427162,,37.27774317640943,M,1
S10_linea_alba_0,S10,linea_alba,uniaxial,0.0,1.0276923076923077,,2.3701775603800836,,37.27774317640943,M,1
S10_linea_alba_0,S10,linea_alba,uniaxial,0.0,1.036923076923077,,2.898505798165072,,37.27774317640943,M,1
S10_linea_alba_0,S10,linea_alba,uniaxial,0.0,1.0461538461538462,,2.3676810625574904,,37.27774317640943,M,1
S10_linea_alba_0,S10,linea_alba,uniaxial,0.0,1.0553846153846154,,3.5565394707945344,,37.27774317640943,M,1
S10_linea_alba_0,S10,linea_alba,uniaxial,0.0,1.0646153846153847,,1.012364218324191,,37.27774317640943,M,1
S10_linea_alba_0,S10,linea_alba,uniaxial,0.0,1.073846153846154,,4.764310377047121,,37.27774317640943,M,1
S10_linea_alba_0,S10,linea_alba,uniaxial,0.0,1.083076923076923,,8.183674811464893,,37.27774317640943,M,1
S10_linea_alba_0,S10,linea_alba,uniaxial,0.0,1.0923076923076924,,7.13540319343864,,37.27774317640943,M,1
S10_linea_alba_0,S10,linea_alba,uniaxial,0.0,1.1015384615384616,,4.132906607202541,,37.27774317640943,M,1
S10_linea_alba_0,S10,linea_alba,uniaxial,0.0,1.110769230769231,,5.313599801881688,,37.27774317640943,M,1
S10_linea_alba_0,S10,linea_alba,uniaxial,0.0,1.12,,14.663108691415477,,37.27774317640943,M,1
S10_linea_alba_90,S10,linea_alba,uniaxial,90.0,1.0092307692307692,,3.6059360161652885,,37.27774317640943,M,1
S10_linea_alba_90,S10,linea_alba,uniaxial,90.0,1.0184615384615385,,11.647377421836785,,37.27774317640943,M,1
S10_linea_alba_90,S10,linea_alba,uniaxial,90.0,1.0276923076923077,,17.72146227221654,,37.27774317640943,M,1
S10_linea_alba_90,S10,linea_alba,uniaxial,90.0,1.036923076923077,,24.654068014701437,,37.27774317640943,M,1
S10_linea_alba_90,S10,linea_alba,uniaxial,90.0,1.0461538461538462,,35.43205183186393,,37.27774317640943,M,1
S10_linea_alba_90,S10,linea_alba,uniaxial,90.0,1.0553846153846154,,43.049965736253164,,37.27774317640943,M,1
S10_linea_alba_90,S10,linea_alba,uniaxial,90.0,1.0646153846153847,,44.94338266053104,,37.27774317640943,M,1
S10_linea_alba_90,S10,linea_alba,uniaxial,90.0,1.073846153846154,,58.3911645615774,,37.27774317640943,M,1
S10_linea_alba_90,S10,linea_alba,uniaxial,90.0,1.083076923076923,,66.80563929785941,,37.27774317640943,M,1
S10_linea_alba_90,S10,linea_alba,uniaxial,90.0,1.0923076923076924,,72.50893197556877,,37.27774317640943,M,1
S10_linea_alba_90,S10,linea_alba,uniaxial,90.0,1.1015384615384616,,98.92356209645946,,37.27774317640943,M,1
S10_linea_alba_90,S10,linea_alba,uniaxial,90.0,1.110769230769231,,105.59224366572266,,37.27774317640943,M,1
S10_linea_alba_90,S10,linea_alba,uniaxial,90.0,1.12,,121.69037152102544,,37.27774317640943,M,1
S11_abdominal_aorta_0_r1.0_1.0,S11,abdominal_aorta,biaxial,0.0,1.0163636363636364,1.0163636363636364,1.9676143625546123,4.431752945324664,60.83008144395489,F,0
S11_abdominal_aorta_0_r1.0_1.0,S11,abdominal_aorta,biaxial,0.0,1.0327272727272727,1.0327272727272727,7.502096152705656,9.18529612000803,60.83008144395489,F,0
S11_abdominal_aorta_0_r1.0_1.0,S11,abdominal_aorta,biaxial,0.0,1.049090909090909,1.049090909090909,22.160617134574714,15.235979319326834,60.83008144395489,F,0
S11_abdominal_aorta_0_r1.0_1.0,S11,abdominal_aorta,biaxial,0.0,1.0654545454545454,1.0654545454545454,27.69457047608564,15.011924822260639,60.83008144395489,F,0
S11_abdominal_aorta_0_r1.0_1.0,S11,abdominal_aorta,biaxial,0.0,1.0818181818181818,1.0818181818181818,29.787202265106682,21.720784332587254,60.83008144395489,F,0
S11_abdominal_aorta_0_r1.0_1.0,S11,abdominal_aorta,biaxial,0.0,1.0981818181818181,1.0981818181818181,47.44864297291466,29.823594187771313,60.83008144395489,F,0
S11_abdominal_aorta_0_r1.0_1.0,S11,abdominal_aorta,biaxial,0.0,1.1145454545454545,1.1145454545454545,41.921282537646064,44.168575050943566,60.83008144395489,F,0
S11_abdominal_aorta_0_r1.0_1.0,S11,abdominal_aorta,biaxial,0.0,1.1309090909090909,1.1309090909090909,63.74022901684184,50.77554744123336,60.83008144395489,F,0
S11_abdominal_aorta_0_r1.0_1.0,S11,abdominal_aorta,biaxial,0.0,1.1472727272727272,1.1472727272727272,93.19533203112157,70.69225578292114,60.83008144395489,F,0
S11_abdominal_aorta_0_r1.0_1.0,S11,abdominal_aorta,biaxial,0.0,1.1636363636363636,1.1636363636363636,129.77486675256293,96.28058000840862,60.83008144395489,F,0
S11_abdominal_aorta_0_r1.0_1.0,S11,abdominal_aorta,biaxial,0.0,1.18,1.18,164.11961131381025,107.53519730754485,60.83008144395489,F,0
S11_abdominal_aorta_0_r1.0_0.75,S11,abdominal_aorta,biaxial,0.0,1.0163636363636364,1.0122727272727272,3.9285450439055802,3.9097346606564525,60.83008144395489,F,0
S11_abdominal_aorta_0_r1.0_0.75,S11,abdominal_aorta,biaxial,0.0,1.0327272727272727,1.0245454545454544,8.05443275526169,6.586651709954774,60.83008144395489,F,0
S11_abdominal_aorta_0_r1.0_0.75,S11,abdominal_aorta,biaxial,0.0,1.049090909090909,1.0368181818181819,13.37185798343884,11.25581352530801,60.83008144395489,F,0
S11_abdominal_aorta_0_r1.0_0.75,S11,abdominal_aorta,biaxial,0.0,1.0654545454545454,1.049090909090909,20.162519734055184,16.827165997809608,60.83008144395489,F,0
S11_abdominal_aorta_0_r1.0_0.75,S11,abdominal_aorta,biaxial,0.0,1.0818181818181818,1.0613636363636363,27.49203911758917,17.08064610083886,60.83008144395489,F,0
S11_abdominal_aorta_0_r1.0_0.75,S11,abdominal_aorta,biaxial,0.0,1.0981818181818181,1.0736363636363637,34.854409593622876,24.855709929150766,60.83008144395489,F,0
S11_abdominal_aorta_0_r1.0_0.75,S11,abdominal_aorta,biaxial,0.0,1.1145454545454545,1.085909090909091,41.808116707392564,30.140422399326116,60.83008144395489,F,0
S11_abdominal_aorta_0_r1.0_0.75,S11,abdominal_aorta,biaxial,0.0,1.1309090909090909,1.0981818181818181,57.74262474955555,43.9037677654402,60.83008144395489,F,0
S11_abdominal_aorta_0_r1.0_0.75,S11,abdominal_aorta,biaxial,0.0,1.1472727272727272,1.1104545454545454,74.47517526307593,43.747161068986735,60.83008144395489,F,0
S11_abdominal_aorta_0_r1.0_0.75,S11,abdominal_aorta,biaxial,0.0,1.1636363636363636,1.1227272727272728,103.82630235601131,63.42835240792594,60.83008144395489,F,0
S11_abdominal_aorta_0_r1.0_0.75,S11,abdominal_aorta,biaxial,0.0,1.18,1.135,126.97283922463339,77.70183720670431,60.83008144395489,F,0
S11_abdominal_aorta_0_r0.75_1.0,S11,abdominal_aorta,biaxial,0.0,1.0122727272727272,1.0163636363636364,2.928150494511681,2.3726104537440795,60.83008144395489,F,0
S11_abdominal_aorta_0_r0.75_1.0,S11,abdominal_aorta,biaxial,0.0,1.0245454545454544,1.0327272727272727,5.61141802011174,7.109420124681942,60.83008144395489,F,0
S11_abdominal_aorta_0_r0.75_1.0,S11,abdominal_aorta,biaxial,0.0,1.0368181818181819,1.049090909090909,13.977862064358835,10.70235210181472,60.83008144395489,F,0
S11_abdominal_aorta_0_r0.75_1.0,S11,abdominal_aorta,biaxial,0.0,1.049090909090909,1.0654545454545454,14.20128702239171,16.853030120536207,60.83008144395489,F,0
S11_abdominal_aorta_0_r0.75_1.0,S11,abdominal_aorta,biaxial,0.0,1.0613636363636363,1.0818181818181818,21.284649319767787,22.854770336323163,60.83008144395489,F,0
S11_abdominal_aorta_0_r0.75_1.0,S11,abdominal_aorta,biaxial,0.0,1.0736363636363637,1.0981818181818181,26.64831566109216,29.356370799722303,60.83008144395489,F,0
S11_abdominal_aorta_0_r0.75_1.0,S11,abdominal_aorta,biaxial,0.0,1.085909090909091,1.1145454545454545,38.53154130061461,39.26028059426651,60.83008144395489,F,0
S11_abdominal_aorta_0_r0.75_1.0,S11,abdominal_aorta,biaxial,0.0,1.0981818181818181,1.1309090909090909,47.31078072414756,45.16181801514793,60.83008144395489,F,0
S11_abdominal_aorta_0_r0.75_1.0,S11,abdominal_aorta,biaxial,0.0,1.1104545454545454,1.1472727272727272,61.20090871508261,57.26432150423483,60.83008144395489,F,0
S11_abdominal_aorta_0_r0.75_1.0,S11,abdominal_aorta,biaxial,0.0,1.1227272727272728,1.1636363636363636,67.8463959453238,69.87106551424193,60.83008144395489,F,0
S11_abdominal_aorta_0_r0.75_1.0,S11,abdominal_aorta,biaxial,0.0,1.135,1.18,81.3151452969388,92.50418947159837,60.83008144395489,F,0
S11_rectus_sheath_0,S11,rectus_sheath,uniaxial,0.0,1.0115384615384615,,3.9354459396078543,,60.83008144395489,F,0
S11_rectus_sheath_0,S11,rectus_sheath,uniaxial,0.0,1.023076923076923,,1.7794433748193903,,60.83008144395489,F,0
S11_rectus_sheath_0,S11,rectus_sheath,uniaxial,0.0,1.0346153846153845,,4.186662846715738,,60.83008144395489,F,0
S11_rectus_sheath_0,S11,rectus_sheath,uniaxial,0.0,1.0461538461538462,,4.690107866261617,,60.83008144395489,F,0
S11_rectus_sheath_0,S11,rectus_sheath,uniaxial,0.0,1.0576923076923077,,5.938848148805132,,60.83008144395489,F,0
S11_rectus_sheath_0,S11,rectus_sheath,uniaxial,0.0,1.0692307692307692,,6.303285638133634,,60.83008144395489,F,0
S11_rectus_sheath_0,S11,rectus_sheath,uniaxial,0.0,1.0807692307692307,,6.925134108017016,,60.83008144395489,F,0
S11_rectus_sheath_0,S11,rectus_sheath,uniaxial,0.0,1.0923076923076922,,11.191567943708376,,60.83008144395489,F,0
S11_rectus_sheath_0,S11,rectus_sheath,uniaxial,0.0,1.1038461538461537,,15.215585599970712,,60.83008144395489,F,0
S11_rectus_sheath_0,S11,rectus_sheath,uniaxial,0.0,1.1153846153846154,,15.91691069525826,,60.83008144395489,F,0
S11_rectus_sheath_0,S11,rectus_sheath,uniaxial,0.0,1.126923076923077,,16.166178051365627,,60.83008144395489,F,0
S11_rectus_sheath_0,S11,rectus_sheath,uniaxial,0.0,1.1384615384615384,,22.075388312662646,,60.83008144395489,F,0
S11_rectus_sheath_0,S11,rectus_sheath,uniaxial,0.0,1.15,,27.79971843692221,,60.83008144395489,F,0
S11_rectus_sheath_90,S11,rectus_sheath,uniaxial,90.0,1.0115384615384615,,3.069917963519439,,60.83008144395489,F,0
S11_rectus_sheath_90,S11,rectus_sheath,uniaxial,90.0,1.023076923076923,,5.813219273997168,,60.83008144395489,F,0
S11_rectus_sheath_90,S11,rectus_sheath,uniaxial,90.0,1.0346153846153845,,7.638625136534531,,60.83008144395489,F,0
S11_rectus_sheath_90,S11,rectus_sheath,uniaxial,90.0,1.0461538461538462,,13.937340600975082,,60.83008144395489,F,0
S11_rectus_sheath_90,S11,rectus_sheath,uniaxial,90.0,1.0576923076923077,,17.40125647528179,,60.83008144395489,F,0
S11_rectus_sheath_90,S11,rectus_sheath,uniaxial,90.0,1.0692307692307692,,23.946842273856934,,60.83008144395489,F,0
S11_rectus_sheath_90,S11,rectus_sheath,uniaxial,90.0,1.0807692307692307,,30.01790990813255,,60.83008144395489,F,0
S11_rectus_sheath_90,S11,rectus_sheath,uniaxial,90.0,1.0923076923076922,,40.87684629276515,,60.83008144395489,F,0
S11_rectus_sheath_90,S11,rectus_sheath,uniaxial,90.0,1.1038461538461537,,44.557045077692166,,60.83008144395489,F,0
S11_rectus_sheath_90,S11,rectus_sheath,uniaxial,90.0,1.1153846153846154,,61.74896055049955,,60.83008144395489,F,0
S11_rectus_sheath_90,S11,rectus_sheath,uniaxial,90.0,1.126923076923077,,58.21634843500807,,60.83008144395489,F,0
S11_rectus_sheath_90,S11,rectus_sheath,uniaxial,90.0,1.1384615384615384,,83.18213700320906,,60.83008144395489,F,0
S11_rectus_sheath_90,S11,rectus_sheath,uniaxial,90.0,1.15,,82.92574937266781,,60.83008144395489,F,0
S12_linea_alba_0,S12,linea_alba,uniaxial,0.0,1.0092307692307692,,-0.14450464651789152,,26.065650240549665,M,0
S12_linea_alba_0,S12,linea_alba,uniaxial,0.0,1.0184615384615385,,0.5536896362469281,,26.065650240549665,M,0
S12_linea_alba_0,S12,linea_alba,uniaxial,0.0,1.0276923076923077,,1.410399356273882,,26.065650240549665,M,0
S12_linea_alba_0,S12,linea_alba,uniaxial,0.0,1.036923076923077,,4.851723423277065,,26.065650240549665,M,0
S12_linea_alba_0,S12,linea_alba,uniaxial,0.0,1.0461538461538462,,1.989570946069026,,26.065650240549665,M,0
S12_linea_alba_0,S12,linea_alba,uniaxial,0.0,1.0553846153846154,,1.7668570892099975,,26.065650240549665,M,0
S12_linea_alba_0,S12,linea_alba,uniaxial,0.0,1.0646153846153847,,2.328857391968072,,26.065650240549665,M,0
S12_linea_alba_0,S12,linea_alba,uniaxial,0.0,1.073846153846154,,1.2648147069867326,,26.065650240549665,M,0
S12_linea_alba_0,S12,linea_alba,uniaxial,0.0,1.083076923076923,,3.05123816568212,,26.065650240549665,M,0
S12_linea_alba_0,S12,linea_alba,uniaxial,0.0,1.0923076923076924,,5.6520574818466205,,26.065650240549665,M,0
S12_linea_alba_0,S12,linea_alba,uniaxial,0.0,1.1015384615384616,,3.1298652447484963,,26.065650240549665,M,0
S12_linea_alba_0,S12,linea_alba,uniaxial,0.0,1.110769230769231,,3.9370940836829993,,26.065650240549665,M,0
S12_linea_alba_0,S12,linea_alba,uniaxial,0.0,1.12,,6.352234939432588,,26.065650240549665,M,0
S12_linea_alba_90,S12,linea_alba,uniaxial,90.0,1.0092307692307692,,8.707254890260117,,26.065650240549665,M,0
S12_linea_alba_90,S12,linea_alba,uniaxial,90.0,1.0184615384615385,,12.242788680991277,,26.065650240549665,M,0
S12_linea_alba_90,S12,linea_alba,uniaxial,90.0,1.0276923076923077,,18.73523203465939,,26.065650240549665,M,0
S12_linea_alba_90,S12,linea_alba,uniaxial,90.0,1.036923076923077,,27.119824852724996,,26.065650240549665,M,0
S12_linea_alba_90,S12,linea_alba,uniaxial,90.0,1.0461538461538462,,33.14261084301481,,26.065650240549665,M,0
S12_linea_alba_90,S12,linea_alba,uniaxial,90.0,1.0553846153846154,,42.567526356208404,,26.065650240549665,M,0
S12_linea_alba_90,S12,linea_alba,uniaxial,90.0,1.0646153846153847,,49.69938888418074,,26.065650240549665,M,0
S12_linea_alba_90,S12,linea_alba,uniaxial,90.0,1.073846153846154,,72.15580838639562,,26.065650240549665,M,0
S12_linea_alba_90,S12,linea_alba,uniaxial,90.0,1.083076923076923,,63.446492037010174,,26.065650240549665,M,0
S12_linea_alba_90,S12,linea_alba,uniaxial,90.0,1.0923076923076924,,68.06240533503568,,26.065650240549665,M,0
S12_linea_alba_90,S12,linea_alba,uniaxial,90.0,1.1015384615384616,,82.73983908004399,,26.065650240549665,M,0
S12_linea_alba_90,S12,linea_alba,uniaxial,90.0,1.110769230769231,,101.05748011936181,,26.065650240549665,M,0
S12_linea_alba_90,S12,linea_alba,uniaxial,90.0,1.12,,110.42878166098028,,26.065650240549665,M,0
S12_rectus_sheath_0,S12,rectus_sheath,uniaxial,0.0,1.0115384615384615,,0.4841084034941584,,26.065650240549665,M,0
S12_rectus_sheath_0,S12,rectus_sheath,uniaxial,0.0,1.023076923076923,,0.83727461899854,,26.065650240549665,M,0
S12_rectus_sheath_0,S12,rectus_sheath,uniaxial,0.0,1.0346153846153845,,1.1028979380564283,,26.065650240549665,M,0
S12_rectus_sheath_0,S12,rectus_sheath,uniaxial,0.0,1.0461538461538462,,4.586522065269384,,26.065650240549665,M,0
S12_rectus_sheath_0,S12,rectus_sheath,uniaxial,0.0,1.0576923076923077,,7.2477352463583005,,26.065650240549665,M,0
S12_rectus_sheath_0,S12,rectus_sheath,uniaxial,0.0,1.0692307692307692,,9.454834343727295,,26.065650240549665,M,0
S12_rectus_sheath_0,S12,rectus_sheath,uniaxial,0.0,1.0807692307692307,,7.343946423894251,,26.065650240549665,M,0
S12_rectus_sheath_0,S12,rectus_sheath,uniaxial,0.0,1.0923076923076922,,10.259926348221263,,26.065650240549665,M,0
S12_rectus_sheath_0,S12,rectus_sheath,uniaxial,0.0,1.1038461538461537,,13.621265224356016,,26.065650240549665,M,0
S12_rectus_sheath_0,S12,rectus_sheath,uniaxial,0.0,1.1153846153846154,,6.247820862708699,,26.065650240549665,M,0
S12_rectus_sheath_0,S12,rectus_sheath,uniaxial,0.0,1.126923076923077,,11.818842658032708,,26.065650240549665,M,0
S12_rectus_sheath_0,S12,rectus_sheath,uniaxial,0.0,1.1384615384615384,,16.800198193297092,,26.065650240549665,M,0
S12_rectus_sheath_0,S12,rectus_sheath,uniaxial,0.0,1.15,,16.8329991201819,,26.065650240549665,M,0
S12_rectus_sheath_90,S12,rectus_sheath,uniaxial,90.0,1.0115384615384615,,0.7662847533720651,,26.065650240549665,M,0
S12_rectus_sheath_90,S12,rectus_sheath,uniaxial,90.0,1.023076923076923,,4.389674258764726,,26.065650240549665,M,0
S12_rectus_sheath_90,S12,rectus_sheath,uniaxial,90.0,1.0346153846153845,,6.507465947076199,,26.065650240549665,M,0
S12_rectus_sheath_90,S12,rectus_sheath,uniaxial,90.0,1.0461538461538462,,7.988196937336539,,26.065650240549665,M,0
S12_rectus_sheath_90,S12,rectus_sheath,uniaxial,90.0,1.0576923076923077,,6.450497206542797,,26.065650240549665,M,0
S12_rectus_sheath_90,S12,rectus_sheath,uniaxial,90.0,1.0692307692307692,,16.296141861400532,,26.065650240549665,M,0
S12_rectus_sheath_90,S12,rectus_sheath,uniaxial,90.0,1.0807692307692307,,19.80763274457423,,26.065650240549665,M,0
S12_rectus_sheath_90,S12,rectus_sheath,uniaxial,90.0,1.0923076923076922,,17.7412358297582,,26.065650240549665,M,0
S12_rectus_sheath_90,S12,rectus_sheath,uniaxial,90.0,1.1038461538461537,,23.20437898888427,,26.065650240549665,M,0
S12_rectus_sheath_90,S12,rectus_sheath,uniaxial,90.0,1.1153846153846154,,21.524101650780135,,26.065650240549665,M,0
S12_rectus_sheath_90,S12,rectus_sheath,uniaxial,90.0,1.126923076923077,,35.92815816120636,,26.065650240549665,M,0
S12_rectus_sheath_90,S12,rectus_sheath,uniaxial,90.0,1.1384615384615384,,37.662938265148426,,26.065650240549665,M,0
S12_rectus_sheath_90,S12,rectus_sheath,uniaxial,90.0,1.15,,51.99747201458884,,26.065650240549665,M,0
S13_linea_alba_0,S13,linea_alba,uniaxial,0.0,1.0092307692307692,,-0.45267842759230126,,66.75881848943533,F,1
S13_linea_alba_0,S13,linea_alba,uniaxial,0.0,1.0184615384615385,,-1.4114784728635845,,66.75881848943533,F,1
S13_linea_alba_0,S13,linea_alba,uniaxial,0.0,1.0276923076923077,,3.8748275887757737,,66.75881848943533,F,1
S13_linea_alba_0,S13,linea_alba,uniaxial,0.0,1.036923076923077,,-1.70726935182745,,66.75881848943533,F,1
S13_linea_alba_0,S13,linea_alba,uniaxial,0.0,1.0461538461538462,,1.5614949566376188,,66.75881848943533,F,1
S13_linea_alba_0,S13,linea_alba,uniaxial,0.0,1.0553846153846154,,3.4621935574531637,,66.75881848943533,F,1
S13_linea_alba_0,S13,linea_alba,uniaxial,0.0,1.0646153846153847,,5.251376801913137,,66.75881848943533,F,1
S13_linea_alba_0,S13,linea_alba,uniaxial,0.0,1.073846153846154,,6.6078106926399105,,66.75881848943533,F,1
S13_linea_alba_0,S13,linea_alba,uniaxial,0.0,1.083076923076923,,4.341659110394352,,66.75881848943533,F,1
S13_linea_alba_0,S13,linea_alba,uniaxial,0.0,1.0923076923076924,,7.92665314875224,,66.75881848943533,F,1
S13_linea_alba_0,S13,linea_alba,uniaxial,0.0,1.1015384615384616,,2.550998878996432,,66.75881848943533,F,1
S13_linea_alba_0,S13,linea_alba,uniaxial,0.0,1.110769230769231,,8.015071615720721,,66.75881848943533,F,1
S13_linea_alba_0,S13,linea_alba,uniaxial,0.0,1.12,,11.454968640619981,,66.75881848943533,F,1
S13_linea_alba_90,S13,linea_alba,uniaxial,90.0,1.0092307692307692,,10.57072722324628,,66.75881848943533,F,1
S13_linea_alba_90,S13,linea_alba,uniaxial,90.0,1.0184615384615385,,24.76534281292511,,66.75881848943533,F,1
S13_linea_alba_90,S13,linea_alba,uniaxial,90.0,1.0276923076923077,,33.842046668147205,,66.75881848943533,F,1
S13_linea_alba_90,S13,linea_alba,uniaxial,90.0,1.036923076923077,,52.58302974585354,,66.75881848943533,F,1
S13_linea_alba_90,S13,linea_alba,uniaxial,90.0,1.0461538461538462,,69.57879824235893,,66.75881848943533,F,1
S13_linea_alba_90,S13,linea_alba,uniaxial,90.0,1.0553846153846154,,88.39253666786563,,66.75881848943533,F,1
S13_linea_alba_90,S13,linea_alba,uniaxial,90.0,1.0646153846153847,,112.02266122719186,,66.75881848943533,F,1
S13_linea_alba_90,S13,linea_alba,uniaxial,90.0,1.073846153846154,,141.13921012342524,,66.75881848943533,F,1
S13_linea_alba_90,S13,linea_alba,uniaxial,90.0,1.083076923076923,,185.53540805353717,,66.75881848943533,F,1
S13_linea_alba_90,S13,linea_alba,uniaxial,90.0,1.0923076923076924,,173.02626558977744,,66.75881848943533,F,1
S13_linea_alba_90,S13,linea_alba,uniaxial,90.0,1.1015384615384616,,214.81343238226157,,66.75881848943533,F,1
S13_linea_alba_90,S13,linea_alba,uniaxial,90.0,1.110769230769231,,252.31888585348358,,66.75881848943533,F,1
S13_linea_alba_90,S13,linea_alba,uniaxial,90.0,1.12,,296.1247558865982,,66.75881848943533,F,1
S13_abdominal_aorta_0_r1.0_1.0,S13,abdominal_aorta,biaxial,0.0,1.0163636363636364,1.0163636363636364,10.212658224099018,7.7464006649013,66.75881848943533,F,1
S13_abdominal_aorta_0_r1.0_1.0,S13,abdominal_aorta,biaxial,0.0,1.0327272727272727,1.0327272727272727,12.964726256048957,12.652933399243842,66.75881848943533,F,1
S13_abdominal_aorta_0_r1.0_1.0,S13,abdominal_aorta,biaxial,0.0,1.049090909090909,1.049090909090909,21.920245514663673,18.815032928476345,66.75881848943533,F,1
S13_abdominal_aorta_0_r1.0_1.0,S13,abdominal_aorta,biaxial,0.0,1.0654545454545454,1.0654545454545454,33.17053864054485,30.02417781298599,66.75881848943533,F,1
S13_abdominal_aorta_0_r1.0_1.0,S13,abdominal_aorta,biaxial,0.0,1.0818181818181818,1.0818181818181818,42.590913893132196,39.386191882780146,66.75881848943533,F,1
S13_abdominal_aorta_0_r1.0_1.0,S13,abdominal_aorta,biaxial,0.0,1.0981818181818181,1.0981818181818181,69.61603652314766,45.89781716642466,66.75881848943533,F,1
S13_abdominal_aorta_0_r1.0_1.0,S13,abdominal_aorta,biaxial,0.0,1.1145454545454545,1.1145454545454545,82.52165311955328,69.03498553696332,66.75881848943533,F,1
S13_abdominal_aorta_0_r1.0_1.0,S13,abdominal_aorta,biaxial,0.0,1.1309090909090909,1.1309090909090909,121.77826538477927,89.3657912490391,66.75881848943533,F,1
S13_abdominal_aorta_0_r1.0_1.0,S13,abdominal_aorta,biaxial,0.0,1.1472727272727272,1.1472727272727272,171.95583112223466,145.21011362994054,66.75881848943533,F,1
S13_abdominal_aorta_0_r1.0_1.0,S13,abdominal_aorta,biaxial,0.0,1.1636363636363636,1.1636363636363636,265.4446109073652,189.0871758010805,66.75881848943533,F,1
S13_abdominal_aorta_0_r1.0_1.0,S13,abdominal_aorta,biaxial,0.0,1.18,1.18,390.6804110455562,310.2153803554169,66.75881848943533,F,1
S13_abdominal_aorta_0_r1.0_0.75,S13,abdominal_aorta,biaxial,0.0,1.0163636363636364,1.0122727272727272,6.6956809648718,5.627374352708695,66.75881848943533,F,1
S13_abdominal_aorta_0_r1.0_0.75,S13,abdominal_aorta,biaxial,0.0,1.0327272727272727,1.0245454545454544,12.490666945980825,11.729381147782009,66.75881848943533,F,1
S13_abdominal_aorta_0_r1.0_0.75,S13,abdominal_aorta,biaxial,0.0,1.049090909090909,1.0368181818181819,20.243168853083198,16.068814312513886,66.75881848943533,F,1
S13_abdominal_aorta_0_r1.0_0.75,S13,abdominal_aorta,biaxial,0.0,1.0654545454545454,1.049090909090909,25.24518277948338,23.939477847333077,66.75881848943533,F,1
S13_abdominal_aorta_0_r1.0_0.75,S13,abdominal_aorta,biaxial,0.0,1.0818181818181818,1.0613636363636363,41.986772058056715,29.527289371989678,66.75881848943533,F,1
S13_abdominal_aorta_0_r1.0_0.75,S13,abdominal_aorta,biaxial,0.0,1.0981818181818181,1.0736363636363637,48.0382090100474,46.38907926273114,66.75881848943533,F,1
S13_abdominal_aorta_0_r1.0_0.75,S13,abdominal_aorta,biaxial,0.0,1.1145454545454545,1.085909090909091,66.98103913202321,45.0354062758519,66.75881848943533,F,1
S13_abdominal_aorta_0_r1.0_0.75,S13,abdominal_aorta,biaxial,0.0,1.1309090909090909,1.0981818181818181,98.65541920038356,78.06031742333846,66.75881848943533,F,1
S13_abdominal_aorta_0_r1.0_0.75,S13,abdominal_aorta,biaxial,0.0,1.1472727272727272,1.1104545454545454,131.3622133336552,83.09338462693351,66.75881848943533,F,1
S13_abdominal_aorta_0_r1.0_0.75,S13,abdominal_aorta,biaxial,0.0,1.1636363636363636,1.1227272727272728,149.33210008958022,104.68116524263992,66.75881848943533,F,1
S13_abdominal_aorta_0_r1.0_0.75,S13,abdominal_aorta,biaxial,0.0,1.18,1.135,280.35379551812866,175.24883057582798,66.75881848943533,F,1
S13_abdominal_aorta_0_r0.75_1.0,S13,abdominal_aorta,biaxial,0.0,1.0122727272727272,1.0163636363636364,8.977181600887464,3.634726449516535,66.75881848943533,F,1
S13_abdominal_aorta_0_r0.75_1.0,S13,abdominal_aorta,biaxial,0.0,1.0245454545454544,1.0327272727272727,14.157832305868133,10.677448173452124,66.75881848943533,F,1
S13_abdominal_aorta_0_r0.75_1.0,S13,abdominal_aorta,biaxial,0.0,1.0368181818181819,1.049090909090909,16.92322314581805,15.961074543956006,66.75881848943533,F,1
S13_abdominal_aorta_0_r0.75_1.0,S13,abdominal_aorta,biaxial,0.0,1.049090909090909,1.0654545454545454,29.66414047139141,24.556102255224207,66.75881848943533,F,1
S13_abdominal_aorta_0_r0.75_1.0,S13,abdominal_aorta,biaxial,0.0,1.0613636363636363,1.0818181818181818,35.17940204627785,33.12804477489559,66.75881848943533,F,1
S13_abdominal_aorta_0_r0.75_1.0,S13,abdominal_aorta,biaxial,0.0,1.0736363636363637,1.0981818181818181,47.42903482639909,40.67925319376643,66.75881848943533,F,1
S13_abdominal_aorta_0_r0.75_1.0,S13,abdominal_aorta,biaxial,0.0,1.085909090909091,1.1145454545454545,62.34900231903288,47.26568417852681,66.75881848943533,F,1
S13_abdominal_aorta_0_r0.75_1.0,S13,abdominal_aorta,biaxial,0.0,1.0981818181818181,1.1309090909090909,73.33253330091863,72.43002136288239,66.75881848943533,F,1
S13_abdominal_aorta_0_r0.75_1.0,S13,abdominal_aorta,biaxial,0.0,1.1104545454545454,1.1472727272727272,100.4072377085382,109.86879003855017,66.75881848943533,F,1
S13_abdominal_aorta_0_r0.75_1.0,S13,abdominal_aorta,biaxial,0.0,1.1227272727272728,1.1636363636363636,129.1477906059211,175.63958040872882,66.75881848943533,F,1
S13_abdominal_aorta_0_r0.75_1.0,S13,abdominal_aorta,biaxial,0.0,1.135,1.18,178.54794754897586,212.35551455792927,66.75881848943533,F,1
S14_abdominal_aorta_0_r1.0_1.0,S14,abdominal_aorta,biaxial,0.0,1.0163636363636364,1.0163636363636364,4.74296695311892,6.849523456945126,69.57012210623358,F,1
S14_abdominal_aorta_0_r1.0_1.0,S14,abdominal_aorta,biaxial,0.0,1.0327272727272727,1.0327272727272727,15.539242370160666,13.141815337702264,69.57012210623358,F,1
S14_abdominal_aorta_0_r1.0_1.0,S14,abdominal_aorta,biaxial,0.0,1.049090909090909,1.049090909090909,19.451520036039796,22.316798734222836,69.57012210623358,F,1
S14_abdominal_aorta_0_r1.0_1.0,S14,abdominal_aorta,biaxial,0.0,1.0654545454545454,1.0654545454545454,33.97004920683906,30.493534555751634,69.57012210623358,F,1
S14_abdominal_aorta_0_r1.0_1.0,S14,abdominal_aorta,biaxial,0.0,1.0818181818181818,1.0818181818181818,47.49091951707887,43.90149371706991,69.57012210623358,F,1
S14_abdominal_aorta_0_r1.0_1.0,S14,abdominal_aorta,biaxial,0.0,1.0981818181818181,1.0981818181818181,64.44748779957338,59.44495653324329,69.57012210623358,F,1
S14_abdominal_aorta_0_r1.0_1.0,S14,abdominal_aorta,biaxial,0.0,1.1145454545454545,1.1145454545454545,91.45949341292844,80.92781240653805,69.57012210623358,F,1
S14_abdominal_aorta_0_r1.0_1.0,S14,abdominal_aorta,biaxial,0.0,1.1309090909090909,1.1309090909090909,140.67427270688162,120.15179120036818,69.57012210623358,F,1
S14_abdominal_aorta_0_r1.0_1.0,S14,abdominal_aorta,biaxial,0.0,1.1472727272727272,1.1472727272727272,196.98642829782494,127.3254655906811,69.57012210623358,F,1
S14_abdominal_aorta_0_r1.0_1.0,S14,abdominal_aorta,biaxial,0.0,1.1636363636363636,1.1636363636363636,257.0514259946917,234.54831614794102,69.57012210623358,F,1
S14_abdominal_aorta_0_r1.0_1.0,S14,abdominal_aorta,biaxial,0.0,1.18,1.18,376.25300716030824,337.8742536931102,69.57012210623358,F,1
S14_abdominal_aorta_0_r1.0_0.75,S14,abdominal_aorta,biaxial,0.0,1.0163636363636364,1.0122727272727272,6.232102915631707,7.130785590906617,69.57012210623358,F,1
S14_abdominal_aorta_0_r1.0_0.75,S14,abdominal_aorta,biaxial,0.0,1.0327272727272727,1.0245454545454544,12.3713266997454,-11.44572675788427,69.57012210623358,F,1
S14_abdominal_aorta_0_r1.0_0.75,S14,abdominal_aorta,biaxial,0.0,1.049090909090909,1.0368181818181819,20.793046816916167,16.972669001545885,69.57012210623358,F,1
S14_abdominal_aorta_0_r1.0_0.75,S14,abdominal_aorta,biaxial,0.0,1.0654545454545454,1.049090909090909,33.24287341579721,23.718252697472135,69.57012210623358,F,1
S14_abdominal_aorta_0_r1.0_0.75,S14,abdominal_aorta,biaxial,0.0,1.0818181818181818,1.0613636363636363,45.252630105120495,30.305307681450312,69.57012210623358,F,1
S14_abdominal_aorta_0_r1.0_0.75,S14,abdominal_aorta,biaxial,0.0,1.0981818181818181,1.0736363636363637,62.57821078683093,36.49726192885133,69.57012210623358,F,1
S14_abdominal_aorta_0_r1.0_0.75,S14,abdominal_aorta,biaxial,0.0,1.1145454545454545,1.085909090909091,83.36438315901073,57.78354493181234,69.57012210623358,F,1
S14_abdominal_aorta_0_r1.0_0.75,S14,abdominal_aorta,biaxial,0.0,1.1309090909090909,1.0981818181818181,74.8171995043574,68.19531302559358,69.57012210623358,F,1
S14_abdominal_aorta_0_r1.0_0.75,S14,abdominal_aorta,biaxial,0.0,1.1472727272727272,1.1104545454545454,156.8627822472874,94.09751421219568,69.57012210623358,F,1
S14_abdominal_aorta_0_r1.0_0.75,S14,abdominal_aorta,biaxial,0.0,1.1636363636363636,1.1227272727272728,245.19654067759254,118.93684448356892,69.57012210623358,F,1
S14_abdominal_aorta_0_r1.0_0.75,S14,abdominal_aorta,biaxial,0.0,1.18,1.135,314.5571548234894,158.0317548478532,69.57012210623358,F,1
S14_abdominal_aorta_0_r0.75_1.0,S14,abdominal_aorta,biaxial,0.0,1.0122727272727272,1.0163636363636364,5.672111009356334,7.930266447161328,69.57012210623358,F,1
S14_abdominal_aorta_0_r0.75_1.0,S14,abdominal_aorta,biaxial,0.0,1.0245454545454544,1.0327272727272727,12.36900426180039,11.124962093501145,69.57012210623358,F,1
S14_abdominal_aorta_0_r0.75_1.0,S14,abdominal_aorta,biaxial,0.0,1.0368181818181819,1.049090909090909,17.59151540406199,21.02319168235167,69.57012210623358,F,1
S14_abdominal_aorta_0_r0.75_1.0,S14,abdominal_aorta,biaxial,0.0,1.049090909090909,1.0654545454545454,32.86938125418287,25.09561762172425,69.57012210623358,F,1
S14_abdominal_aorta_0_r0.75_1.0,S14,abdominal_aorta,biaxial,0.0,1.0613636363636363,1.0818181818181818,44.20113796081717,37.36803878634032,69.57012210623358,F,1
S14_abdominal_aorta_0_r0.75_1.0,S14,abdominal_aorta,biaxial,0.0,1.0736363636363637,1.0981818181818181,49.07857798116551,41.17394263376241,69.57012210623358,F,1
S14_abdominal_aorta_0_r0.75_1.0,S14,abdominal_aorta,biaxial,0.0,1.085909090909091,1.1145454545454545,57.14702924778036,72.57336784361486,69.57012210623358,F,1
S14_abdominal_aorta_0_r0.75_1.0,S14,abdominal_aorta,biaxial,0.0,1.0981818181818181,1.1309090909090909,86.2387728296659,89.57126546365281,69.57012210623358,F,1
S14_abdominal_aorta_0_r0.75_1.0,S14,abdominal_aorta,biaxial,0.0,1.1104545454545454,1.1472727272727272,111.92415409249521,114.94867461712278,69.57012210623358,F,1
S14_abdominal_aorta_0_r0.75_1.0,S14,abdominal_aorta,biaxial,0.0,1.1227272727272728,1.1636363636363636,152.17226912479012,199.76892333203813,69.57012210623358,F,1
S14_abdominal_aorta_0_r0.75_1.0,S14,abdominal_aorta,biaxial,0.0,1.135,1.18,184.26530626864263,216.47113219042964,69.57012210623358,F,1
S14_rectus_sheath_0,S14,rectus_sheath,uniaxial,0.0,1.0115384615384615,,2.181342360218841,,69.57012210623358,F,1
S14_rectus_sheath_0,S14,rectus_sheath,uniaxial,0.0,1.023076923076923,,4.764239942935922,,69.57012210623358,F,1
S14_rectus_sheath_0,S14,rectus_sheath,uniaxial,0.0,1.0346153846153845,,6.914522204072061,,69.57012210623358,F,1
S14_rectus_sheath_0,S14,rectus_sheath,uniaxial,0.0,1.0461538461538462,,9.553925114581155,,69.57012210623358,F,1
S14_rectus_sheath_0,S14,rectus_sheath,uniaxial,0.0,1.0576923076923077,,13.250297368210733,,69.57012210623358,F,1
S14_rectus_sheath_0,S14,rectus_sheath,uniaxial,0.0,1.0692307692307692,,16.490846942825648,,69.57012210623358,F,1
S14_rectus_sheath_0,S14,rectus_sheath,uniaxial,0.0,1.0807692307692307,,26.093529304452627,,69.57012210623358,F,1
S14_rectus_sheath_0,S14,rectus_sheath,uniaxial,0.0,1.0923076923076922,,31.498324280996655,,69.57012210623358,F,1
S14_rectus_sheath_0,S14,rectus_sheath,uniaxial,0.0,1.1038461538461537,,36.06691814932479,,69.57012210623358,F,1
S14_rectus_sheath_0,S14,rectus_sheath,uniaxial,0.0,1.1153846153846154,,45.92256879932813,,69.57012210623358,F,1
S14_rectus_sheath_0,S14,rectus_sheath,uniaxial,0.0,1.126923076923077,,62.29122424260474,,69.57012210623358,F,1
S14_rectus_sheath_0,S14,rectus_sheath,uniaxial,0.0,1.1384615384615384,,72.91347762918652,,69.57012210623358,F,1
S14_rectus_sheath_0,S14,rectus_sheath,uniaxial,0.0,1.15,,78.89664577133033,,69.57012210623358,F,1
S14_rectus_sheath_90,S14,rectus_sheath,uniaxial,90.0,1.0115384615384615,,5.178344851153848,,69.57012210623358,F,1
S14_rectus_sheath_90,S14,rectus_sheath,uniaxial,90.0,1.023076923076923,,9.341584487889456,,69.57012210623358,F,1
S14_rectus_sheath_90,S14,rectus_sheath,uniaxial,90.0,1.0346153846153845,,16.45413832596955,,69.57012210623358,F,1
S14_rectus_sheath_90,S14,rectus_sheath,uniaxial,90.0,1.0461538461538462,,25.54183992891947,,69.57012210623358,F,1
S14_rectus_sheath_90,S14,rectus_sheath,uniaxial,90.0,1.0576923076923077,,29.725811931680347,,69.57012210623358,F,1
S14_rectus_sheath_90,S14,rectus_sheath,uniaxial,90.0,1.0692307692307692,,41.89035585363788,,69.57012210623358,F,1
S14_rectus_sheath_90,S14,rectus_sheath,uniaxial,90.0,1.0807692307692307,,55.52858784812943,,69.57012210623358,F,1
S14_rectus_sheath_90,S14,rectus_sheath,uniaxial,90.0,1.0923076923076922,,65.45464345344125,,69.57012210623358,F,1
S14_rectus_sheath_90,S14,rectus_sheath,uniaxial,90.0,1.1038461538461537,,86.90294856739753,,69.57012210623358,F,1
S14_rectus_sheath_90,S14,rectus_sheath,uniaxial,90.0,1.1153846153846154,,90.24890423514859,,69.57012210623358,F,1
S14_rectus_sheath_90,S14,rectus_sheath,uniaxial,90.0,1.126923076923077,,117.28003377842128,,69.57012210623358,F,1
S14_rectus_sheath_90,S14,rectus_sheath,uniaxial,90.0,1.1384615384615384,,149.5095494921772,,69.57012210623358,F,1
S14_rectus_sheath_90,S14,rectus_sheath,uniaxial,90.0,1.15,,170.67749201812703,,69.57012210623358,F,1
S15_abdominal_aorta_0_r1.0_1.0,S15,abdominal_aorta,biaxial,0.0,1.0163636363636364,1.0163636363636364,7.313714377238613,6.7234426139727645,45.60131908225564,M,1
S15_abdominal_aorta_0_r1.0_1.0,S15,abdominal_aorta,biaxial,0.0,1.0327272727272727,1.0327272727272727,10.717863419169612,9.20957001982128,45.60131908225564,M,1
S15_abdominal_aorta_0_r1.0_1.0,S15,abdominal_aorta,biaxial,0.0,1.049090909090909,1.049090909090909,16.08360704967397,16.404174296999237,45.60131908225564,M,1
S15_abdominal_aorta_0_r1.0_1.0,S15,abdominal_aorta,biaxial,0.0,1.0654545454545454,1.0654545454545454,16.160179323472576,23.81735259435702,45.60131908225564,M,1
S15_abdominal_aorta_0_r1.0_1.0,S15,abdominal_aorta,biaxial,0.0,1.0818181818181818,1.0818181818181818,31.166470999262362,28.368489179920218,45.60131908225564,M,1
S15_abdominal_aorta_0_r1.0_1.0,S15,abdominal_aorta,biaxial,0.0,1.0981818181818181,1.0981818181818181,45.57162163913213,38.68566996825456,45.60131908225564,M,1
S15_abdominal_aorta_0_r1.0_1.0,S15,abdominal_aorta,biaxial,0.0,1.1145454545454545,1.1145454545454545,53.10601972048063,46.005414753660624,45.60131908225564,M,1
S15_abdominal_aorta_0_r1.0_1.0,S15,abdominal_aorta,biaxial,0.0,1.1309090909090909,1.1309090909090909,73.78132167106298,59.32805068878926,45.60131908225564,M,1
S15_abdominal_aorta_0_r1.0_1.0,S15,abdominal_aorta,biaxial,0.0,1.1472727272727272,1.1472727272727272,84.2893352340181,78.87902415485738,45.60131908225564,M,1
S15_abdominal_aorta_0_r1.0_1.0,S15,abdominal_aorta,biaxial,0.0,1.1636363636363636,1.1636363636363636,118.22436019140073,97.57225476180379,45.60131908225564,M,1
S15_abdominal_aorta_0_r1.0_1.0,S15,abdominal_aorta,biaxial,0.0,1.18,1.18,173.98400684339788,145.84459622079586,45.60131908225564,M,1
S15_abdominal_aorta_0_r1.0_0.75,S15,abdominal_aorta,biaxial,0.0,1.0163636363636364,1.0122727272727272,8.719429969138327,3.8209258425931405,45.60131908225564,M,1
S15_abdominal_aorta_0_r1.0_0.75,S15,abdominal_aorta,biaxial,0.0,1.0327272727272727,1.0245454545454544,12.00257467963264,10.210536756173457,45.60131908225564,M,1
S15_abdominal_aorta_0_r1.0_0.75,S15,abdominal_aorta,biaxial,0.0,1.049090909090909,1.0368181818181819,17.634742344411237,10.836298041172808,45.60131908225564,M,1
S15_abdominal_aorta_0_r1.0_0.75,S15,abdominal_aorta,biaxial,0.0,1.0654545454545454,1.049090909090909,19.93648689786285,12.321157905574074,45.60131908225564,M,1
S15_abdominal_aorta_0_r1.0_0.75,S15,abdominal_aorta,biaxial,0.0,1.0818181818181818,1.0613636363636363,22.71657269454498,22.338642431613316,45.60131908225564,M,1
S15_abdominal_aorta_0_r1.0_0.75,S15,abdominal_aorta,biaxial,0.0,1.0981818181818181,1.0736363636363637,39.73799674488333,23.303882228517608,45.60131908225564,M,1
S15_abdominal_aorta_0_r1.0_0.75,S15,abdominal_aorta,biaxial,0.0,1.1145454545454545,1.085909090909091,43.84596526535142,37.08888100657336,45.60131908225564,M,1
S15_abdominal_aorta_0_r1.0_0.75,S15,abdominal_aorta,biaxial,0.0,1.1309090909090909,1.0981818181818181,57.327403903778574,41.77608278685861,45.60131908225564,M,1
S15_abdominal_aorta_0_r1.0_0.75,S15,abdominal_aorta,biaxial,0.0,1.1472727272727272,1.1104545454545454,77.97338853304268,48.77388002718597,45.60131908225564,M,1
S15_abdominal_aorta_0_r1.0_0.75,S15,abdominal_aorta,biaxial,0.0,1.1636363636363636,1.1227272727272728,102.6642317450537,65.44251446090283,45.60131908225564,M,1
S15_abdominal_aorta_0_r1.0_0.75,S15,abdominal_aorta,biaxial,0.0,1.18,1.135,133.190447195014,79.51712284797179,45.60131908225564,M,1
S15_abdominal_aorta_0_r0.75_1.0,S15,abdominal_aorta,biaxial,0.0,1.0122727272727272,1.0163636363636364,2.073221123028225,8.07341587916519,45.60131908225564,M,1
S15_abdominal_aorta_0_r0.75_1.0,S15,abdominal_aorta,biaxial,0.0,1.0245454545454544,1.0327272727272727,12.172719738022586,9.215333000906769,45.60131908225564,M,1
S15_abdominal_aorta_0_r0.75_1.0,S15,abdominal_aorta,biaxial,0.0,1.0368181818181819,1.049090909090909,12.751878919465137,14.095148642789953,45.60131908225564,M,1
S15_abdominal_aorta_0_r0.75_1.0,S15,abdominal_aorta,biaxial,0.0,1.049090909090909,1.0654545454545454,18.08265972125868,20.067392392691776,45.60131908225564,M,1
S15_abdominal_aorta_0_r0.75_1.0,S15,abdominal_aorta,biaxial,0.0,1.0613636363636363,1.0818181818181818,43.459842748949654,23.614904049444714,45.60131908225564,M,1
S15_abdominal_aorta_0_r0.75_1.0,S15,abdominal_aorta,biaxial,0.0,1.0736363636363637,1.0981818181818181,28.978533912172807,40.794803733605235,45.60131908225564,M,1
S15_abdominal_aorta_0_r0.75_1.0,S15,abdominal_aorta,biaxial,0.0,1.085909090909091,1.1145454545454545,38.20814695489345,38.540878808009,45.60131908225564,M,1
S15_abdominal_aorta_0_r0.75_1.0,S15,abdominal_aorta,biaxial,0.0,1.0981818181818181,1.1309090909090909,51.602446091494514,44.33396298385763,45.60131908225564,M,1
S15_abdominal_aorta_0_r0.75_1.0,S15,abdominal_aorta,biaxial,0.0,1.1104545454545454,1.1472727272727272,57.19969671651577,57.91642136009031,45.60131908225564,M,1
S15_abdominal_aorta_0_r0.75_1.0,S15,abdominal_aorta,biaxial,0.0,1.1227272727272728,1.1636363636363636,70.53919568303436,75.99868195067283,45.60131908225564,M,1
S15_abdominal_aorta_0_r0.75_1.0,S15,abdominal_aorta,biaxial,0.0,1.135,1.18,86.02474511220714,113.50329398192906,45.60131908225564,M,1
S15_rectus_sheath_0,S15,rectus_sheath,uniaxial,0.0,1.0115384615384615,,8.586941554310869,,45.60131908225564,M,1
S15_rectus_sheath_0,S15,rectus_sheath,uniaxial,0.0,1.023076923076923,,3.061882046488224,,45.60131908225564,M,1
S15_rectus_sheath_0,S15,rectus_sheath,uniaxial,0.0,1.0346153846153845,,5.86643542800235,,45.60131908225564,M,1
S15_rectus_sheath_0,S15,rectus_sheath,uniaxial,0.0,1.0461538461538462,,10.56388477069723,,45.60131908225564,M,1
S15_rectus_sheath_0,S15,rectus_sheath,uniaxial,0.0,1.0576923076923077,,7.5122397595564765,,45.60131908225564,M,1
S15_rectus_sheath_0,S15,rectus_sheath,uniaxial,0.0,1.0692307692307692,,8.903856263141108,,45.60131908225564,M,1
S15_rectus_sheath_0,S15,rectus_sheath,uniaxial,0.0,1.0807692307692307,,14.27686060320705,,45.60131908225564,M,1
S15_rectus_sheath_0,S15,rectus_sheath,uniaxial,0.0,1.0923076923076922,,13.185680025710749,,45.60131908225564,M,1
S15_rectus_sheath_0,S15,rectus_sheath,uniaxial,0.0,1.1038461538461537,,17.891144297475975,,45.60131908225564,M,1
S15_rectus_sheath_0,S15,rectus_sheath,uniaxial,0.0,1.1153846153846154,,22.08935365310016,,45.60131908225564,M,1
S15_rectus_sheath_0,S15,rectus_sheath,uniaxial,0.0,1.126923076923077,,22.953802379894995,,45.60131908225564,M,1
S15_rectus_sheath_0,S15,rectus_sheath,uniaxial,0.0,1.1384615384615384,,25.46177278800736,,45.60131908225564,M,1
S15_rectus_sheath_0,S15,rectus_sheath,uniaxial,0.0,1.15,,36.56006592122387,,45.60131908225564,M,1
S15_rectus_sheath_90,S15,rectus_sheath,uniaxial,90.0,1.0115384615384615,,2.381690160476748,,45.60131908225564,M,1
S15_rectus_sheath_90,S15,rectus_sheath,uniaxial,90.0,1.023076923076923,,7.41050254194705,,45.60131908225564,M,1
S15_rectus_sheath_90,S15,rectus_sheath,uniaxial,90.0,1.0346153846153845,,6.384039616800811,,45.60131908225564,M,1
S15_rectus_sheath_90,S15,rectus_sheath,uniaxial,90.0,1.0461538461538462,,17.766987944882526,,45.60131908225564,M,1
S15_rectus_sheath_90,S15,rectus_sheath,uniaxial,90.0,1.0576923076923077,,16.52915805939096,,45.60131908225564,M,1
S15_rectus_sheath_90,S15,rectus_sheath,uniaxial,90.0,1.0692307692307692,,17.518877329245235,,45.60131908225564,M,1
S15_rectus_sheath_90,S15,rectus_sheath,uniaxial,90.0,1.0807692307692307,,32.44589156939545,,45.60131908225564,M,1
S15_rectus_sheath_90,S15,rectus_sheath,uniaxial,90.0,1.0923076923076922,,35.55725261449568,,45.60131908225564,M,1
S15_rectus_sheath_90,S15,rectus_sheath,uniaxial,90.0,1.1038461538461537,,43.93887588675331,,45.60131908225564,M,1
S15_rectus_sheath_90,S15,rectus_sheath,uniaxial,90.0,1.1153846153846154,,42.6296959782782,,45.60131908225564,M,1
S15_rectus_sheath_90,S15,rectus_sheath,uniaxial,90.0,1.126923076923077,,65.03087800485636,,45.60131908225564,M,1
S15_rectus_sheath_90,S15,rectus_sheath,uniaxial,90.0,1.1384615384615384,,76.0624921307941,,45.60131908225564,M,1
S15_rectus_sheath_90,S15,rectus_sheath,uniaxial,90.0,1.15,,90.90166527154575,,45.60131908225564,M,1
S16_rectus_sheath_0,S16,rectus_sheath,uniaxial,0.0,1.0115384615384615,,0.9309482348033336,,75.21239964271356,M,0
S16_rectus_sheath_0,S16,rectus_sheath,uniaxial,0.0,1.023076923076923,,2.545187529667462,,75.21239964271356,M,0
S16_rectus_sheath_0,S16,rectus_sheath,uniaxial,0.0,1.0346153846153845,,9.569982278303073,,75.21239964271356,M,0
S16_rectus_sheath_0,S16,rectus_sheath,uniaxial,0.0,1.0461538461538462,,5.716723722973791,,75.21239964271356,M,0
S16_rectus_sheath_0,S16,rectus_sheath,uniaxial,0.0,1.0576923076923077,,6.694911180335648,,75.21239964271356,M,0
S16_rectus_sheath_0,S16,rectus_sheath,uniaxial,0.0,1.0692307692307692,,7.863425505153682,,75.21239964271356,M,0
S16_rectus_sheath_0,S16,rectus_sheath,uniaxial,0.0,1.0807692307692307,,10.54750175256544,,75.21239964271356,M,0
S16_rectus_sheath_0,S16,rectus_sheath,uniaxial,0.0,1.0923076923076922,,13.870497691079228,,75.21239964271356,M,0
S16_rectus_sheath_0,S16,rectus_sheath,uniaxial,0.0,1.1038461538461537,,18.564523315696583,,75.21239964271356,M,0
S16_rectus_sheath_0,S16,rectus_sheath,uniaxial,0.0,1.1153846153846154,,15.516161235290372,,75.21239964271356,M,0
S16_rectus_sheath_0,S16,rectus_sheath,uniaxial,0.0,1.126923076923077,,21.569560136323325,,75.21239964271356,M,0
S16_rectus_sheath_0,S16,rectus_sheath,uniaxial,0.0,1.1384615384615384,,28.05551234609479,,75.21239964271356,M,0
S16_rectus_sheath_0,S16,rectus_sheath,uniaxial,0.0,1.15,,32.26266015179719,,75.21239964271356,M,0
S16_rectus_sheath_90,S16,rectus_sheath,uniaxial,90.0,1.0115384615384615,,2.260653776724185,,75.21239964271356,M,0
S16_rectus_sheath_90,S16,rectus_sheath,uniaxial,90.0,1.023076923076923,,7.2429548171162885,,75.21239964271356,M,0
S16_rectus_sheath_90,S16,rectus_sheath,uniaxial,90.0,1.0346153846153845,,9.751761334273917,,75.21239964271356,M,0
S16_rectus_sheath_90,S16,rectus_sheath,uniaxial,90.0,1.0461538461538462,,14.428418625198416,,75.21239964271356,M,0
S16_rectus_sheath_90,S16,rectus_sheath,uniaxial,90.0,1.0576923076923077,,20.152075628923466,,75.21239964271356,M,0
S16_rectus_sheath_90,S16,rectus_sheath,uniaxial,90.0,1.0692307692307692,,21.64843535922914,,75.21239964271356,M,0
S16_rectus_sheath_90,S16,rectus_sheath,uniaxial,90.0,1.0807692307692307,,27.841411735992544,,75.21239964271356,M,0
S16_rectus_sheath_90,S16,rectus_sheath,uniaxial,90.0,1.0923076923076922,,35.55524180933354,,75.21239964271356,M,0
S16_rectus_sheath_90,S16,rectus_sheath,uniaxial,90.0,1.1038461538461537,,44.21372347531354,,75.21239964271356,M,0
S16_rectus_sheath_90,S16,rectus_sheath,uniaxial,90.0,1.1153846153846154,,50.75637445663298,,75.21239964271356,M,0
S16_rectus_sheath_90,S16,rectus_sheath,uniaxial,90.0,1.126923076923077,,65.8711530289477,,75.21239964271356,M,0
S16_rectus_sheath_90,S16,rectus_sheath,uniaxial,90.0,1.1384615384615384,,87.29092294513664,,75.21239964271356,M,0
S16_rectus_sheath_90,S16,rectus_sheath,uniaxial,90.0,1.15,,94.66662239789102,,75.21239964271356,M,0
S16_linea_alba_0,S16,linea_alba,uniaxial,0.0,1.0092307692307692,,1.2421837984578716,,75.21239964271356,M,0
S16_linea_alba_0,S16,linea_alba,uniaxial,0.0,1.0184615384615385,,-0.1273382370564322,,75.21239964271356,M,0
S16_linea_alba_0,S16,linea_alba,uniaxial,0.0,1.0276923076923077,,1.1507006151825774,,75.21239964271356,M,0
S16_linea_alba_0,S16,linea_alba,uniaxial,0.0,1.036923076923077,,-4.581536461272039,,75.21239964271356,M,0
S16_linea_alba_0,S16,linea_alba,uniaxial,0.0,1.0461538461538462,,2.309343806983857,,75.21239964271356,M,0
S16_linea_alba_0,S16,linea_alba,uniaxial,0.0,1.0553846153846154,,4.554399101732891,,75.21239964271356,M,0
S16_linea_alba_0,S16,linea_alba,uniaxial,0.0,1.0646153846153847,,4.02119513733135,,75.21239964271356,M,0
S16_linea_alba_0,S16,linea_alba,uniaxial,0.0,1.073846153846154,,2.893847985675312,,75.21239964271356,M,0
S16_linea_alba_0,S16,linea_alba,uniaxial,0.0,1.083076923076923,,3.1554028726253547,,75.21239964271356,M,0
S16_linea_alba_0,S16,linea_alba,uniaxial,0.0,1.0923076923076924,,3.920825638438724,,75.21239964271356,M,0
S16_linea_alba_0,S16,linea_alba,uniaxial,0.0,1.1015384615384616,,5.288241926304214,,75.21239964271356,M,0
S16_linea_alba_0,S16,linea_alba,uniaxial,0.0,1.110769230769231,,6.275652152391473,,75.21239964271356,M,0
S16_linea_alba_0,S16,linea_alba,uniaxial,0.0,1.12,,7.164924020674677,,75.21239964271356,M,0
S16_linea_alba_90,S16,linea_alba,uniaxial,90.0,1.0092307692307692,,9.207548600265302,,75.21239964271356,M,0
S16_linea_alba_90,S16,linea_alba,uniaxial,90.0,1.0184615384615385,,6.553317044474502,,75.21239964271356,M,0
S16_linea_alba_90,S16,linea_alba,uniaxial,90.0,1.0276923076923077,,25.4715384441486,,75.21239964271356,M,0
S16_linea_alba_90,S16,linea_alba,uniaxial,90.0,1.036923076923077,,38.47098886641309,,75.21239964271356,M,0
S16_linea_alba_90,S16,linea_alba,uniaxial,90.0,1.0461538461538462,,52.28026589963493,,75.21239964271356,M,0
S16_linea_alba_90,S16,linea_alba,uniaxial,90.0,1.0553846153846154,,61.61340890708023,,75.21239964271356,M,0
S16_linea_alba_90,S16,linea_alba,uniaxial,90.0,1.0646153846153847,,71.0361034349209,,75.21239964271356,M,0
S16_linea_alba_90,S16,linea_alba,uniaxial,90.0,1.073846153846154,,79.5516754350816,,75.21239964271356,M,0
S16_linea_alba_90,S16,linea_alba,uniaxial,90.0,1.083076923076923,,103.59957793561621,,75.21239964271356,M,0
S16_linea_alba_90,S16,linea_alba,uniaxial,90.0,1.0923076923076924,,122.13793154870102,,75.21239964271356,M,0
S16_linea_alba_90,S16,linea_alba,uniaxial,90.0,1.1015384615384616,,162.18482033455587,,75.21239964271356,M,0
S16_linea_alba_90,S16,linea_alba,uniaxial,90.0,1.110769230769231,,157.5336369278194,,75.21239964271356,M,0
S16_linea_alba_90,S16,linea_alba,uniaxial,90.0,1.12,,186.3951920727049,,75.21239964271356,M,0
S17_rectus_sheath_0,S17,rectus_sheath,uniaxial,0.0,1.0115384615384615,,2.8565695688426387,,39.97402322994027,M,1
S17_rectus_sheath_0,S17,rectus_sheath,uniaxial,0.0,1.023076923076923,,2.3664716742594374,,39.97402322994027,M,1
S17_rectus_sheath_0,S17,rectus_sheath,uniaxial,0.0,1.0346153846153845,,4.452640648339054,,39.97402322994027,M,1
S17_rectus_sheath_0,S17,rectus_sheath,uniaxial,0.0,1.0461538461538462,,5.804400768330195,,39.97402322994027,M,1
S17_rectus_sheath_0,S17,rectus_sheath,uniaxial,0.0,1.0576923076923077,,6.062496690867954,,39.97402322994027,M,1
S17_rectus_sheath_0,S17,rectus_sheath,uniaxial,0.0,1.0692307692307692,,4.626311631557752,,39.97402322994027,M,1
S17_rectus_sheath_0,S17,rectus_sheath,uniaxial,0.0,1.0807692307692307,,12.749076308766027,,39.97402322994027,M,1
S17_rectus_sheath_0,S17,rectus_sheath,uniaxial,0.0,1.0923076923076922,,14.244678860713108,,39.97402322994027,M,1
S17_rectus_sheath_0,S17,rectus_sheath,uniaxial,0.0,1.1038461538461537,,14.167498363917712,,39.97402322994027,M,1
S17_rectus_sheath_0,S17,rectus_sheath,uniaxial,0.0,1.1153846153846154,,18.00376682767332,,39.97402322994027,M,1
S17_rectus_sheath_0,S17,rectus_sheath,uniaxial,0.0,1.126923076923077,,29.58783064488496,,39.97402322994027,M,1
S17_rectus_sheath_0,S17,rectus_sheath,uniaxial,0.0,1.1384615384615384,,26.633110686545116,,39.97402322994027,M,1
S17_rectus_sheath_0,S17,rectus_sheath,uniaxial,0.0,1.15,,36.016785944314066,,39.97402322994027,M,1
S17_rectus_sheath_90,S17,rectus_sheath,uniaxial,90.0,1.0115384615384615,,1.321586348604117,,39.97402322994027,M,1
S17_rectus_sheath_90,S17,rectus_sheath,uniaxial,90.0,1.023076923076923,,4.48793537462835,,39.97402322994027,M,1
S17_rectus_sheath_90,S17,rectus_sheath,uniaxial,90.0,1.0346153846153845,,6.9041870520213795,,39.97402322994027,M,1
S17_rectus_sheath_90,S17,rectus_sheath,uniaxial,90.0,1.0461538461538462,,12.228623489525688,,39.97402322994027,M,1
S17_rectus_sheath_90,S17,rectus_sheath,uniaxial,90.0,1.0576923076923077,,16.272489360066878,,39.97402322994027,M,1
S17_rectus_sheath_90,S17,rectus_sheath,uniaxial,90.0,1.0692307692307692,,25.404502640649085,,39.97402322994027,M,1
S17_rectus_sheath_90,S17,rectus_sheath,uniaxial,90.0,1.0807692307692307,,26.070024702014603,,39.97402322994027,M,1
S17_rectus_sheath_90,S17,rectus_sheath,uniaxial,90.0,1.0923076923076922,,32.88941392769269,,39.97402322994027,M,1
S17_rectus_sheath_90,S17,rectus_sheath,uniaxial,90.0,1.1038461538461537,,39.72294987090054,,39.97402322994027,M,1
S17_rectus_sheath_90,S17,rectus_sheath,uniaxial,90.0,1.1153846153846154,,46.00838127165654,,39.97402322994027,M,1
S17_rectus_sheath_90,S17,rectus_sheath,uniaxial,90.0,1.126923076923077,,48.886854621656354,,39.97402322994027,M,1
S17_rectus_sheath_90,S17,rectus_sheath,uniaxial,90.0,1.1384615384615384,,64.82175139143256,,39.97402322994027,M,1
S17_rectus_sheath_90,S17,rectus_sheath,uniaxial,90.0,1.15,,65.20693066920718,,39.97402322994027,M,1
S17_linea_alba_0,S17,linea_alba,uniaxial,0.0,1.0092307692307692,,-1.5249044348654155,,39.97402322994027,M,1
S17_linea_alba_0,S17,linea_alba,uniaxial,0.0,1.0184615384615385,,-1.3875536216131132,,39.97402322994027,M,1
S17_linea_alba_0,S17,linea_alba,uniaxial,0.0,1.0276923076923077,,0.034869566772413485,,39.97402322994027,M,1
S17_linea_alba_0,S17,linea_alba,uniaxial,0.0,1.036923076923077,,3.379401281856737,,39.97402322994027,M,1
S17_linea_alba_0,S17,linea_alba,uniaxial,0.0,1.0461538461538462,,0.5416478784084862,,39.97402322994027,M,1
S17_linea_alba_0,S17,linea_alba,uniaxial,0.0,1.0553846153846154,,7.625145824788648,,39.97402322994027,M,1
S17_linea_alba_0,S17,linea_alba,uniaxial,0.0,1.0646153846153847,,4.872089664636843,,39.97402322994027,M,1
S17_linea_alba_0,S17,linea_alba,uniaxial,0.0,1.073846153846154,,4.020988523364254,,39.97402322994027,M,1
S17_linea_alba_0,S17,linea_alba,uniaxial,0.0,1.083076923076923,,4.574871145652922,,39.97402322994027,M,1
S17_linea_alba_0,S17,linea_alba,uniaxial,0.0,1.0923076923076924,,6.668747308004229,,39.97402322994027,M,1
S17_linea_alba_0,S17,linea_alba,uniaxial,0.0,1.1015384615384616,,8.384293650702647,,39.97402322994027,M,1
S17_linea_alba_0,S17,linea_alba,uniaxial,0.0,1.110769230769231,,3.8560862703876477,,39.97402322994027,M,1
S17_linea_alba_0,S17,linea_alba,uniaxial,0.0,1.12,,8.524571843834531,,39.97402322994027,M,1
S17_linea_alba_90,S17,linea_alba,uniaxial,90.0,1.0092307692307692,,6.1036799042091205,,39.97402322994027,M,1
S17_linea_alba_90,S17,linea_alba,uniaxial,90.0,1.0184615384615385,,12.21254316516038,,39.97402322994027,M,1
S17_linea_alba_90,S17,linea_alba,uniaxial,90.0,1.0276923076923077,,22.30256013238127,,39.97402322994027,M,1
S17_linea_alba_90,S17,linea_alba,uniaxial,90.0,1.036923076923077,,30.027802425089522,,39.97402322994027,M,1
S17_linea_alba_90,S17,linea_alba,uniaxial,90.0,1.0461538461538462,,34.32126566417586,,39.97402322994027,M,1
S17_linea_alba_90,S17,linea_alba,uniaxial,90.0,1.0553846153846154,,45.92874225357432,,39.97402322994027,M,1
S17_linea_alba_90,S17,linea_alba,uniaxial,90.0,1.0646153846153847,,56.245923278098225,,39.97402322994027,M,1
S17_linea_alba_90,S17,linea_alba,uniaxial,90.0,1.073846153846154,,72.24203440231254,,39.97402322994027,M,1
S17_linea_alba_90,S17,linea_alba,uniaxial,90.0,1.083076923076923,,73.73627309090452,,39.97402322994027,M,1
S17_linea_alba_90,S17,linea_alba,uniaxial,90.0,1.0923076923076924,,98.81398694278943,,39.97402322994027,M,1
S17_linea_alba_90,S17,linea_alba,uniaxial,90.0,1.1015384615384616,,116.7506868645873,,39.97402322994027,M,1
S17_linea_alba_90,S17,linea_alba,uniaxial,90.0,1.110769230769231,,134.40061242587478,,39.97402322994027,M,1
S17_linea_alba_90,S17,linea_alba,uniaxial,90.0,1.12,,139.60465264367068,,39.97402322994027,M,1
S18_linea_alba_0,S18,linea_alba,uniaxial,0.0,1.0092307692307692,,1.1742295795470306,,71.19272117281898,F,0
S18_linea_alba_0,S18,linea_alba,uniaxial,0.0,1.0184615384615385,,0.819467258810185,,71.19272117281898,F,0
S18_linea_alba_0,S18,linea_alba,uniaxial,0.0,1.0276923076923077,,0.08815870875820897,,71.19272117281898,F,0
S18_linea_alba_0,S18,linea_alba,uniaxial,0.0,1.036923076923077,,1.8912239873126455,,71.19272117281898,F,0
S18_linea_alba_0,S18,linea_alba,uniaxial,0.0,1.0461538461538462,,4.5440058164343995,,71.19272117281898,F,0
S18_linea_alba_0,S18,linea_alba,uniaxial,0.0,1.0553846153846154,,3.409428177168166,,71.19272117281898,F,0
S18_linea_alba_0,S18,linea_alba,uniaxial,0.0,1.0646153846153847,,3.8725665992760474,,71.19272117281898,F,0
S18_linea_alba_0,S18,linea_alba,uniaxial,0.0,1.073846153846154,,4.385552950172496,,71.19272117281898,F,0
S18_linea_alba_0,S18,linea_alba,uniaxial,0.0,1.083076923076923,,3.8231124342506035,,71.19272117281898,F,0
S18_linea_alba_0,S18,linea_alba,uniaxial,0.0,1.0923076923076924,,3.5635286468798806,,71.19272117281898,F,0
S18_linea_alba_0,S18,linea_alba,uniaxial,0.0,1.1015384615384616,,4.74167375785848,,71.19272117281898,F,0
S18_linea_alba_0,S18,linea_alba,uniaxial,0.0,1.110769230769231,,5.963466011279571,,71.19272117281898,F,0
S18_linea_alba_0,S18,linea_alba,uniaxial,0.0,1.12,,5.05196557243725,,71.19272117281898,F,0
S18_linea_alba_90,S18,linea_alba,uniaxial,90.0,1.0092307692307692,,10.193463050433826,,71.19272117281898,F,0
S18_linea_alba_90,S18,linea_alba,uniaxial,90.0,1.0184615384615385,,21.05181033915509,,71.19272117281898,F,0
S18_linea_alba_90,S18,linea_alba,uniaxial,90.0,1.0276923076923077,,23.19342778658317,,71.19272117281898,F,0
S18_linea_alba_90,S18,linea_alba,uniaxial,90.0,1.036923076923077,,47.00739890514705,,71.19272117281898,F,0
S18_linea_alba_90,S18,linea_alba,uniaxial,90.0,1.0461538461538462,,66.07057389507071,,71.19272117281898,F,0
S18_linea_alba_90,S18,linea_alba,uniaxial,90.0,1.0553846153846154,,72.9973471581589,,71.19272117281898,F,0
S18_linea_alba_90,S18,linea_alba,uniaxial,90.0,1.0646153846153847,,91.9718028533392,,71.19272117281898,F,0
S18_linea_alba_90,S18,linea_alba,uniaxial,90.0,1.073846153846154,,105.13998366537888,,71.19272117281898,F,0
S18_linea_alba_90,S18,linea_alba,uniaxial,90.0,1.083076923076923,,140.37129155170544,,71.19272117281898,F,0
S18_linea_alba_90,S18,linea_alba,uniaxial,90.0,1.0923076923076924,,152.43229402860794,,71.19272117281898,F,0
S18_linea_alba_90,S18,linea_alba,uniaxial,90.0,1.1015384615384616,,147.84117152517894,,71.19272117281898,F,0
S18_linea_alba_90,S18,linea_alba,uniaxial,90.0,1.110769230769231,,207.70393994846043,,71.19272117281898,F,0
S18_linea_alba_90,S18,linea_alba,uniaxial,90.0,1.12,,224.03801192666148,,71.19272117281898,F,0
S18_rectus_sheath_0,S18,rectus_sheath,uniaxial,0.0,1.0115384615384615,,0.4233302938846908,,71.19272117281898,F,0
S18_rectus_sheath_0,S18,rectus_sheath,uniaxial,0.0,1.023076923076923,,4.950520487843707,,71.19272117281898,F,0
S18_rectus_sheath_0,S18,rectus_sheath,uniaxial,0.0,1.0346153846153845,,4.114095772693687,,71.19272117281898,F,0
S18_rectus_sheath_0,S18,rectus_sheath,uniaxial,0.0,1.0461538461538462,,9.291859551140691,,71.19272117281898,F,0
S18_rectus_sheath_0,S18,rectus_sheath,uniaxial,0.0,1.0576923076923077,,9.677150553138054,,71.19272117281898,F,0
S18_rectus_sheath_0,S18,rectus_sheath,uniaxial,0.0,1.0692307692307692,,7.319318886137662,,71.19272117281898,F,0
S18_rectus_sheath_0,S18,rectus_sheath,uniaxial,0.0,1.0807692307692307,,15.323886656224238,,71.19272117281898,F,0
S18_rectus_sheath_0,S18,rectus_sheath,uniaxial,0.0,1.0923076923076922,,17.516549435328816,,71.19272117281898,F,0
S18_rectus_sheath_0,S18,rectus_sheath,uniaxial,0.0,1.1038461538461537,,20.765233397129816,,71.19272117281898,F,0
S18_rectus_sheath_0,S18,rectus_sheath,uniaxial,0.0,1.1153846153846154,,18.859565705586625,,71.19272117281898,F,0
S18_rectus_sheath_0,S18,rectus_sheath,uniaxial,0.0,1.126923076923077,,24.16061267832814,,71.19272117281898,F,0
S18_rectus_sheath_0,S18,rectus_sheath,uniaxial,0.0,1.1384615384615384,,33.248916411477275,,71.19272117281898,F,0
S18_rectus_sheath_0,S18,rectus_sheath,uniaxial,0.0,1.15,,41.06725388762267,,71.19272117281898,F,0
S18_rectus_sheath_90,S18,rectus_sheath,uniaxial,90.0,1.0115384615384615,,4.688459535065245,,71.19272117281898,F,0
S18_rectus_sheath_90,S18,rectus_sheath,uniaxial,90.0,1.023076923076923,,7.396549687772474,,71.19272117281898,F,0
S18_rectus_sheath_90,S18,rectus_sheath,uniaxial,90.0,1.0346153846153845,,12.441144145184966,,71.19272117281898,F,0
S18_rectus_sheath_90,S18,rectus_sheath,uniaxial,90.0,1.0461538461538462,,14.969230689624252,,71.19272117281898,F,0
S18_rectus_sheath_90,S18,rectus_sheath,uniaxial,90.0,1.0576923076923077,,23.220413444020696,,71.19272117281898,F,0
S18_rectus_sheath_90,S18,rectus_sheath,uniaxial,90.0,1.0692307692307692,,37.92993408515258,,71.19272117281898,F,0
S18_rectus_sheath_90,S18,rectus_sheath,uniaxial,90.0,1.0807692307692307,,39.2439814027494,,71.19272117281898,F,0
S18_rectus_sheath_90,S18,rectus_sheath,uniaxial,90.0,1.0923076923076922,,41.22238872244914,,71.19272117281898,F,0
S18_rectus_sheath_90,S18,rectus_sheath,uniaxial,90.0,1.1038461538461537,,56.15933727462197,,71.19272117281898,F,0
S18_rectus_sheath_90,S18,rectus_sheath,uniaxial,90.0,1.1153846153846154,,68.15580499822532,,71.19272117281898,F,0
S18_rectus_sheath_90,S18,rectus_sheath,uniaxial,90.0,1.126923076923077,,75.72548299103424,,71.19272117281898,F,0
S18_rectus_sheath_90,S18,rectus_sheath,uniaxial,90.0,1.1384615384615384,,99.8992636630796,,71.19272117281898,F,0
S18_rectus_sheath_90,S18,rectus_sheath,uniaxial,90.0,1.15,,98.80422280903558,,71.19272117281898,F,0
S19_abdominal_aorta_0_r1.0_1.0,S19,abdominal_aorta,biaxial,0.0,1.0163636363636364,1.0163636363636364,6.143081008846366,6.674257502580141,80.20790887991666,M,0
S19_abdominal_aorta_0_r1.0_1.0,S19,abdominal_aorta,biaxial,0.0,1.0327272727272727,1.0327272727272727,13.569145276981375,11.854270932742754,80.20790887991666,M,0
S19_abdominal_aorta_0_r1.0_1.0,S19,abdominal_aorta,biaxial,0.0,1.049090909090909,1.049090909090909,19.633392016952214,14.168581082967304,80.20790887991666,M,0
S19_abdominal_aorta_0_r1.0_1.0,S19,abdominal_aorta,biaxial,0.0,1.0654545454545454,1.0654545454545454,36.82888629914442,25.81563694501994,80.20790887991666,M,0
S19_abdominal_aorta_0_r1.0_1.0,S19,abdominal_aorta,biaxial,0.0,1.0818181818181818,1.0818181818181818,37.57766939695166,29.90089048538711,80.20790887991666,M,0
S19_abdominal_aorta_0_r1.0_1.0,S19,abdominal_aorta,biaxial,0.0,1.0981818181818181,1.0981818181818181,56.6863558652213,46.33833540395101,80.20790887991666,M,0
S19_abdominal_aorta_0_r1.0_1.0,S19,abdominal_aorta,biaxial,0.0,1.1145454545454545,1.1145454545454545,76.4497317503743,56.30142945747171,80.20790887991666,M,0
S19_abdominal_aorta_0_r1.0_1.0,S19,abdominal_aorta,biaxial,0.0,1.1309090909090909,1.1309090909090909,100.20559256769695,83.97742860463865,80.20790887991666,M,0
S19_abdominal_aorta_0_r1.0_1.0,S19,abdominal_aorta,biaxial,0.0,1.1472727272727272,1.1472727272727272,151.22476314794062,111.38605446036392,80.20790887991666,M,0
S19_abdominal_aorta_0_r1.0_1.0,S19,abdominal_aorta,biaxial,0.0,1.1636363636363636,1.1636363636363636,238.98978161286664,179.4171085252579,80.20790887991666,M,0
S19_abdominal_aorta_0_r1.0_1.0,S19,abdominal_aorta,biaxial,0.0,1.18,1.18,352.8513199996168,267.02023862228083,80.20790887991666,M,0
S19_abdominal_aorta_0_r1.0_0.75,S19,abdominal_aorta,biaxial,0.0,1.0163636363636364,1.0122727272727272,5.645651233604623,4.119535248024505,80.20790887991666,M,0
S19_abdominal_aorta_0_r1.0_0.75,S19,abdominal_aorta,biaxial,0.0,1.0327272727272727,1.0245454545454544,11.005665333164757,9.122860924618937,80.20790887991666,M,0
S19_abdominal_aorta_0_r1.0_0.75,S19,abdominal_aorta,biaxial,0.0,1.049090909090909,1.0368181818181819,13.051164212069972,14.8733906935976,80.20790887991666,M,0
S19_abdominal_aorta_0_r1.0_0.75,S19,abdominal_aorta,biaxial,0.0,1.0654545454545454,1.049090909090909,27.248233302903287,19.27248279043727,80.20790887991666,M,0
S19_abdominal_aorta_0_r1.0_0.75,S19,abdominal_aorta,biaxial,0.0,1.0818181818181818,1.0613636363636363,36.14270464354246,23.344887562518267,80.20790887991666,M,0
S19_abdominal_aorta_0_r1.0_0.75,S19,abdominal_aorta,biaxial,0.0,1.0981818181818181,1.0736363636363637,45.73336562824056,33.55538340990829,80.20790887991666,M,0
S19_abdominal_aorta_0_r1.0_0.75,S19,abdominal_aorta,biaxial,0.0,1.1145454545454545,1.085909090909091,64.19176287022229,41.821038974308735,80.20790887991666,M,0
S19_abdominal_aorta_0_r1.0_0.75,S19,abdominal_aorta,biaxial,0.0,1.1309090909090909,1.0981818181818181,85.31929116998187,51.67638275719912,80.20790887991666,M,0
S19_abdominal_aorta_0_r1.0_0.75,S19,abdominal_aorta,biaxial,0.0,1.1472727272727272,1.1104545454545454,104.50800447114543,83.60401413381987,80.20790887991666,M,0
S19_abdominal_aorta_0_r1.0_0.75,S19,abdominal_aorta,biaxial,0.0,1.1636363636363636,1.1227272727272728,165.2133702490814,99.3261456806818,80.20790887991666,M,0
S19_abdominal_aorta_0_r1.0_0.75,S19,abdominal_aorta,biaxial,0.0,1.18,1.135,243.76137976526172,125.55963009287801,80.20790887991666,M,0
S19_abdominal_aorta_0_r0.75_1.0,S19,abdominal_aorta,biaxial,0.0,1.0122727272727272,1.0163636363636364,1.268981088500857,8.255231575961679,80.20790887991666,M,0
S19_abdominal_aorta_0_r0.75_1.0,S19,abdominal_aorta,biaxial,0.0,1.0245454545454544,1.0327272727272727,10.543393083767244,10.436456679197661,80.20790887991666,M,0
S19_abdominal_aorta_0_r0.75_1.0,S19,abdominal_aorta,biaxial,0.0,1.0368181818181819,1.049090909090909,10.932743992336903,13.514170370575048,80.20790887991666,M,0
S19_abdominal_aorta_0_r0.75_1.0,S19,abdominal_aorta,biaxial,0.0,1.049090909090909,1.0654545454545454,21.145841140456163,17.003469234753403,80.20790887991666,M,0
S19_abdominal_aorta_0_r0.75_1.0,S19,abdominal_aorta,biaxial,0.0,1.0613636363636363,1.0818181818181818,27.705962628187503,35.3753998272219,80.20790887991666,M,0
S19_abdominal_aorta_0_r0.75_1.0,S19,abdominal_aorta,biaxial,0.0,1.0736363636363637,1.0981818181818181,37.55495428745117,39.11619846231574,80.20790887991666,M,0
S19_abdominal_aorta_0_r0.75_1.0,S19,abdominal_aorta,biaxial,0.0,1.085909090909091,1.1145454545454545,49.07367814042236,60.41958101796479,80.20790887991666,M,0
S19_abdominal_aorta_0_r0.75_1.0,S19,abdominal_aorta,biaxial,0.0,1.0981818181818181,1.1309090909090909,60.965809586628566,68.46898168813524,80.20790887991666,M,0
S19_abdominal_aorta_0_r0.75_1.0,S19,abdominal_aorta,biaxial,0.0,1.1104545454545454,1.1472727272727272,76.87894129298152,92.13091711032745,80.20790887991666,M,0
S19_abdominal_aorta_0_r0.75_1.0,S19,abdominal_aorta,biaxial,0.0,1.1227272727272728,1.1636363636363636,116.85854856044291,128.03710861520315,80.20790887991666,M,0
S19_abdominal_aorta_0_r0.75_1.0,S19,abdominal_aorta,biaxial,0.0,1.135,1.18,158.44468120463344,180.3820136850336,80.20790887991666,M,0
S19_rectus_sheath_0,S19,rectus_sheath,uniaxial,0.0,1.0115384615384615,,1.469539113049576,,80.20790887991666,M,0
S19_rectus_sheath_0,S19,rectus_sheath,uniaxial,0.0,1.023076923076923,,4.131326031072487,,80.20790887991666,M,0
S19_rectus_sheath_0,S19,rectus_sheath,uniaxial,0.0,1.0346153846153845,,6.15490320783724,,80.20790887991666,M,0
S19_rectus_sheath_0,S19,rectus_sheath,uniaxial,0.0,1.0461538461538462,,6.4073472548190376,,80.20790887991666,M,0
S19_rectus_sheath_0,S19,rectus_sheath,uniaxial,0.0,1.0576923076923077,,6.934557461543717,,80.20790887991666,M,0
S19_rectus_sheath_0,S19,rectus_sheath,uniaxial,0.0,1.0692307692307692,,13.702400700887738,,80.20790887991666,M,0
S19_rectus_sheath_0,S19,rectus_sheath,uniaxial,0.0,1.0807692307692307,,7.760789332569454,,80.20790887991666,M,0
S19_rectus_sheath_0,S19,rectus_sheath,uniaxial,0.0,1.0923076923076922,,23.769828891081715,,80.20790887991666,M,0
S19_rectus_sheath_0,S19,rectus_sheath,uniaxial,0.0,1.1038461538461537,,27.244049269613836,,80.20790887991666,M,0
S19_rectus_sheath_0,S19,rectus_sheath,uniaxial,0.0,1.1153846153846154,,27.947225021364943,,80.20790887991666,M,0
S19_rectus_sheath_0,S19,rectus_sheath,uniaxial,0.0,1.126923076923077,,36.4777863866018,,80.20790887991666,M,0
S19_rectus_sheath_0,S19,rectus_sheath,uniaxial,0.0,1.1384615384615384,,45.022906732950496,,80.20790887991666,M,0
S19_rectus_sheath_0,S19,rectus_sheath,uniaxial,0.0,1.15,,44.12160723984748,,80.20790887991666,M,0
S19_rectus_sheath_90,S19,rectus_sheath,uniaxial,90.0,1.0115384615384615,,4.201226164083137,,80.20790887991666,M,0
S19_rectus_sheath_90,S19,rectus_sheath,uniaxial,90.0,1.023076923076923,,9.806572670854372,,80.20790887991666,M,0
S19_rectus_sheath_90,S19,rectus_sheath,uniaxial,90.0,1.0346153846153845,,13.857862656661895,,80.20790887991666,M,0
S19_rectus_sheath_90,S19,rectus_sheath,uniaxial,90.0,1.0461538461538462,,17.306398117921233,,80.20790887991666,M,0
S19_rectus_sheath_90,S19,rectus_sheath,uniaxial,90.0,1.0576923076923077,,23.654634349223773,,80.20790887991666,M,0
S19_rectus_sheath_90,S19,rectus_sheath,uniaxial,90.0,1.0692307692307692,,25.42480134627658,,80.20790887991666,M,0
S19_rectus_sheath_90,S19,rectus_sheath,uniaxial,90.0,1.0807692307692307,,45.7990309173581,,80.20790887991666,M,0
S19_rectus_sheath_90,S19,rectus_sheath,uniaxial,90.0,1.0923076923076922,,54.69779971528093,,80.20790887991666,M,0
S19_rectus_sheath_90,S19,rectus_sheath,uniaxial,90.0,1.1038461538461537,,55.880217813693214,,80.20790887991666,M,0
S19_rectus_sheath_90,S19,rectus_sheath,uniaxial,90.0,1.1153846153846154,,71.2916037883019,,80.20790887991666,M,0
S19_rectus_sheath_90,S19,rectus_sheath,uniaxial,90.0,1.126923076923077,,93.06484059300514,,80.20790887991666,M,0
S19_rectus_sheath_90,S19,rectus_sheath,uniaxial,90.0,1.1384615384615384,,111.02181685894843,,80.20790887991666,M,0
S19_rectus_sheath_90,S19,rectus_sheath,uniaxial,90.0,1.15,,129.3149519969588,,80.20790887991666,M,0
